"","movie","point","review"
"1","프랭크","10",""
"2","반도","10","감동적이고 상영시간내내 긴박하고 두시간이 순삭으로 지나갔음..올만에 아주재미있었음 "
"3","다만 악에서 구하소서","6","영상미에 비해서 스토리가 빈약함. "
"4","다만 악에서 구하소서","8","스토리의 개연성 부족 빼고는 모두 만족입니다특히 우수한연기와 액션으로 몰입도가 높은 영화였습니다 "
"5","이층의 악당","9","대사 좋고 연출 좋고 연기도 좋고 이런 블랙 코미디 너무 좋습니다 "
"6","다만 악에서 구하소서","1","너무높아서 내림. 냉정하게 4점정도의 영화. 배우들 연기아니었으면 정말 끔찍할뻔했다. 아무리 느와르라지만 최소한의 개연성은 있어야지.. 개그포인트는 왜잡는지도 모르겠고.. 배우들이 정말 너무 아깝다... 이걸보느니 아수라를 세번 더보겠다ㅋㅋㅋㅋ "
"7","강철비2: 정상회담","10","연기랑 연출이 좋았어요 스토리가 살짝 아쉽긴 한데 OST가 인상적 "
"8","다만 악에서 구하소서","3","기대가 너무 컷네요 명배우들을 어찌 이런 스토리에 녹여 낼수있는건지...심하네요;; "
"9","다만 악에서 구하소서","4","솔직히 딱히 재미는 느끼지 못했지만 배우들의 연기가 감칠났던거 같습니다 특히 천만메이커 황정민배우의 연기가 너무 좋네요 스토리는 재미없는 편 이였습니다. "
"10","다만 악에서 구하소서","1","아저씨2 아저씨2 아저씨2 "
"11","양들의 침묵","9","이토록 우아한 살인마를 본적이 있는가 ! "
"12","메기","1","진짜 너무재미없고 보기전 평점 좋길래 똥파리,우리들,플란다스의개 정도를 기대하고봤는데 진짜 근본없는 지잡대 졸업작품만도 못함ㅋ 아래 평점알바,지인들 섭외하느라 고생했다 ㅋ "
"13","다만 악에서 구하소서","8",""
"14","지푸라기라도 잡고 싶은 짐승들","8",""
"15","지금 만나러 갑니다","10","진짜 엄마가 그립고 또 그립네요... "
"16","매트릭스","10","일단 키아누리브스 존나잘생김. 진짜. 진짜야. 와씨. "
"17","다만 악에서 구하소서","1","앞으로 아이를 함부로 대하는 영화는 보지 않겠습니다. 영화를 봐서 미안합니다.아이에게 정신적 스트레스를 주입시킵니다. 아이에 관한 서사를 전혀 해결하지 않습니다. 영화를 보는 내내 아이에 대한 걱정이 아니라 영화에 대해 걱정하게 됩니다. 어디까지 심하게 아이에게 위협을 가해야 하는 겁니까. 영화 보는 내내 아이에게 미안함을 느낍니다. 앞으로 아이를 함부로 대하고 해결하지 않는 영화는 보지 않겠습니다. "
"18","다만 악에서 구하소서","2","내용이 없어요.... 그냥 잔인함 15세 이용가가 아님영화 다 보고 기억나는건 박정민의 변신뿐이정재, 황정민이 왜 이 영화를 택한지 모르겠음... "
"19","다만 악에서 구하소서","10","레이는 진짜 이렇게 까지 할 필요가 있었나 의문.. "
"20","다이버전트","10","몰입도 최고입니다 "
"21","늑대아이","10","너무좋아요 ㅠㅠㅠ진짜 늑대의 감성과 각자의 인생도찾고 분위기랑 스토리도 너무좋아요인생작이에요 ㅠㅠ 8번봤는데 다울었어요 ㅋㅋ너무사랑합니다 하나 유키 아메 "
"22","반도","1",""
"23","강철비2: 정상회담","10","개인적으로 현재 국제정세와 빗대어봤을때 뼈때리는 대사와 상황들, 개봉첫날 관람했는데 굉장히 재미있게 봤어요:) 후반부 잠수함씬도 좋았고, 쿠키영상이 감독의 직접적인 생각을 더 엿볼수있었고요. 여러분들은 통일 원하십니까? "
"24","다만 악에서 구하소서","1"," 액션씬이랑 연기는 좋지만, 리뷰에 연기칭찬만 즐비하면 진짜 재미없는 영화구나를 이제 빅데이터로 느낌... 빈약한 개연성과 스토리 때문에 아쉬운 영화 "
"25","다만 악에서 구하소서","10","오래간만에 몰입해서 봤다. 연기, 액션, 스토리 만족!! "
"26","다만 악에서 구하소서","10","시작하면서 흐른시간이 언제막바지까지 왔는지 모르게 배우들에 연기같지않은 실제인물표현에디테일에 스토리에 빠른전개가 좋았다 우리나라액션이 이렇게 까지 많이 놀라웠다 "
"27","다만 악에서 구하소서","10","빠른전개와 단순 스토리에 전개는 좋음스토리가 더 탄탄했음 좋껬음 "
"28","엣지 오브 투모로우","10","리세마라를 몸으로 직접 해야한다니..오우쒰.. "
"29","콰이어트 플레이스","2","지하실에 들어갔던 괴물은 도대체 어떻게 들어갔던거임?? 안전한곳이라매.. 너무 뜬금없었음 "
"30","엘라의 계곡","9","주연배우로 일단 절반은 먹고 들어가는거고 전쟁은 승자도 패자도 없다는걸 다룬 많은 영화 중 하나. 주인공 아들 인성을 뒤죽박죽으로 설정한것 같기도. 정말 전쟁을 없애려면 문재앙이나 더듬어민주당처럼 반자본주의식으로 하면 안되고 친자본주의 정책으로 기업을 성장시켜 세금을 늘리고 중국과도 겨룰 정도로 군비증강을 해야만 가능한 것 "
"31","강철비2: 정상회담","9","볼만 했는데 너무 좌파영화인 느낌. "
"32","다만 악에서 구하소서","1","잔인함의 극치로 아무 내용 없는 3류영화로안보는게 좋습니다.감사합니다. "
"33","다만 악에서 구하소서","10","지금도 재밌게 봤지만 개인적으로 19세영화로 나왔으면 더 재밌었을거 같다. "
"34","강철비2: 정상회담","2","빨갱이역을 모델급 멋있는 배우를 쓰는 이유는 영화로 우리에게 빨갱이 인식을 개선시키려고 했던영화 "
"35","다만 악에서 구하소서","2","미쳤네ㅋㅋ이런 영화가 9점개 실화냐ㅠㅠ 방콕 배경만 좋았다 "
"36","반도","1","와 ....이건 진짜 예고편의 반도 못하는 본편이였다 . 그래서 반도인가보다 "
"37","강철비2: 정상회담","9","정우성은 최고의 배우입니다 . 정우성으로 시작해서 정우성으로 끝내는 정우성영화 멋집니다 "
"38","엑스텐션","5","억지 반전에 개연성 완전 떨어짐. 그래도 재미는 있었음. 어저께는 마터스 봤는데 마터스가 훨씬 명작임. "
"39","강철비2: 정상회담","9","자~ 일베 알바들은 저리 가시기 바랍니다. 생각해 볼 거리도 있고 한국인이면 볼만한 영화입니다. "
"40","강철비2: 정상회담","10"," 재밌네요 매우 "
"41","82년생 김지영","10","영화본지 오래되었지만 이제서야 평점을 남기네요 제가 엄마가 되어보니 공감이 너무 되는 영화이네요 잘봤습니다 "
"42","반도","10","강동원 얼굴만 봐도 개재밌는데 이레 운전이 대박 ㅠㅠ "
"43","다만 악에서 구하소서","10","핸드캐리어  진짜 강하다 "
"44","아메리칸 스나이퍼","10","미국짱이다 역시!!! "
"45","완벽한 타인","10",""
"46","다만 악에서 구하소서","9","다만 악에서 구하소서 ...악에서 시작해서 악으로 끝나는 영화 ...다만 스토리가 좀 아쉬운부분 배고 연기는 만점 이였음 "
"47","다만 악에서 구하소서","6","딸아이의 등장과 방콕조폭의 등장이 영화의 맛을 오히려 떨어뜨린다. "
"48","다만 악에서 구하소서","2","최악. 개연성도 없고 굳이 하지 않아도 되는 캐릭터 설정. 설명 부족. 최악.최악 "
"49","다만 악에서 구하소서","10","최근 본 영화중에 제일 재밌었어요 "
"50","미스터 & 미세스 스미스","8","지금봐도 촌스럽지 않은 액션에 잘생기고 이쁘고 연기도 잘하는 배우들을 보는 재미가 쏠쏠하다 "
"51","다만 악에서 구하소서","8","액션과 스릴이 넘치지만 너무 고어한 장면들이 불편하다..레옹의 오마주가 넘치는 부분은 아쉽다. "
"52","다만 악에서 구하소서","10","익히 아는 재료로 만든 명품요리. 예쁜 그릇은 덤. 2시간을 넘기지 못한 러닝타임이 흠이라면 흠. "
"53","강철비2: 정상회담","1","종북 주사파들의 판타지 영화. 민족주의 뽕, 국뽕에 취해 현실감각은 엿 바꿔 먹은 영화. 민주당이나 문재인 정부 지지자들이나 좋아할 만한 영화다. 평화? 비핵화만 성공한다면 다 좋다. 근데 현실은 연락사무소 폭파, 햇볕정책은 돈은 돈대로 퍼주고 실패, 비핵화는 오리무중이니까 이 영화가 더 개연성 없는 망상 영화로 보이는 것. "
"54","다만 악에서 구하소서","2","이 배우로 이렇게까지밖에 못 하는게 신기하다 "
"55","강철비2: 정상회담","2","안방에서 보는 드라마보다 못하다연기도 그렇고 보는내내 옆에 있는 여친한테 창피함 ㅋㅋ "
"56","다만 악에서 구하소서","6","신세계의 케미를 기대하고 갔다면 실망스럽습니다. 잔뜩 힘만 준 의미없는 느와르 영화였습니다. 황정민, 이정재라는 배우를 기용했음에도 캐릭터를 잘 살려내지 못했고 이야기의 흐름과 개연성은 매우 아쉽습니다. "
"57","루비","10","시대의 청년들을 대변해주는 극인것 같다.. 지금의 나를 토닥여줘야지... 배우들의 연기 너무 좋아요 "
"58","다만 악에서 구하소서","2","진짜 스토리 누가썼냐??어거지로 끼워맞춘 스토리진짜 돈아깝다 비와서 그냥 봄 중간에 3팀정도 나감 "
"59","다만 악에서 구하소서","8",""
"60","#살아있다","1","진짜 인생영화  인생에서 제일 재미없는 영화!!!  화나요 "
"61","다만 악에서 구하소서","6","스토리는 구림... 개연성이 좀 떨어짐배우들 연기는 좋음...특히박정민 천재같음 "
"62","반도","7","그래도 핵극혐 웹툰 애니화 된 망작들 보단 이 영화가 훨씬 재밌어보인다.꼭 보긴 해야겠다. "
"63","다만 악에서 구하소서","6","레옹과 아저씨 영화를 적절히 믹스한 느낌!(많이 유사함!)이정재와 황정민 박정민 보는 재미! "
"64","더 웨이 홈","2","본인들 잘못은 모르면서 고집 피우고 우기기 잘하는 엄마와 아들 진상 "
"65","다만 악에서 구하소서","9",""
"66","다만 악에서 구하소서","4","스토리가 별로였음.영화 레옹에 아저씨,? 여러 영화 짬뽕 느낌! 박정민이 마틸다로 보이더군. "
"67","다만 악에서 구하소서","1","이 영화는 야동을 보는거와 같다스토리는 있으나 마나고 그저 야스만 할뿐이다 "
"68","다만 악에서 구하소서","2",""
"69","다만 악에서 구하소서","9","돈을 잘썼다 라는 생각을 오랜만에 느끼게 해준 영홥 ~ 굿 "
"70","다만 악에서 구하소서","10","오랜만에 영화 재밌게 잘 보았습니다 "
"71","스파이 키드","10","정말 명작임 꼭보세요! "
"72","다만 악에서 구하소서","10","너무 좋았네요 하 진짜 좋았음 "
"73","강철비2: 정상회담","1","1년평생에 한번올까말까한 뇌구조의 재난이왔습니다 3번을 나갔다 들어갔다  번복하다가 탈출씬에서 뛰처나왔네요 혹시 실례지만 청와대후원 영화인가요? 소주에 소맥에 과자에 등짝스메싱에 방귀에 놀랄 노늘 서른번은 경험하고  만세부르고 나갑니다... "
"74","전우치","10",""
"75","소년시절의 너","6","중국 영화만의 감수성이 있다 "
"76","반도","1","평점 이렇게 높은게 이해가 안돼서 1점 줍니다 영화는 2점 정도 수준입니다 "
"77","키싱 부스 2","5","남녀 비주얼 갭이 너무 큼 "
"78","봉오동 전투","10","정말 감사합니다 정말로 "
"79","강철비2: 정상회담","2","이런걸 영화라고 정우성 언제 이병연이나 현비 같은 연기력으로 연기하냐 "
"80","다만 악에서 구하소서","9","잼써요~~~ 올해 최고의 영화 "
"81","마스터","10","강동원 잘생겼다 그리고 엄지원 연기 너무 좋아 ㅜㅜ "
"82","셰이프 오브 워터: 사랑의 모양","10","최고예요 ㅜㅜ 생물을 죽이려 한 인간새끼 잘 죽었다 "
"83","다만 악에서 구하소서","10","황정민, 이정재 액션 지리고 박정민 연기 뒤집어지게 웃김 "
"84","다만 악에서 구하소서","2","보지마세요그돈으로냉삼사드세요 "
"85","공수도","10","저예산이고 뭐고간에 진짜 재밌게 잘봤습니다. 간만에 영화 시간 가는줄 모르고봤네요 ㅎㅎ "
"86","다만 악에서 구하소서","8","두분에 연기력은 10점 너무 좋습니다 다만 스토리는 평범하다고 해야할지 무난해서 8점 정도라 생각됩니다 "
"87","이웃집 토토로","10","너무 귀엽고 무해한 영화 "
"88","#살아있다","1","중간부터는 딴 생각하면서 봄 거의없다님이 이걸로 걸작선 해줬으면 좋겠다아.... "
"89","협상","4","사랑의 불시착 남한판 프로토 타입..? "
"90","블랙아웃 : 인베이젼 어스","10","생각보다 재밌어요 ㅎㅎ 극장에서 보면 돈 하나도 안 아까울듯 ㅎㅎㅎㅎ "
"91","블랙아웃 : 인베이젼 어스","10","생각보다 재밌어요 ㅎㅎ 극장에서 보면 돈 하나도 안 아까울듯 ㅎㅎㅎㅎ "
"92","나이브스 아웃","7",""
"93","다만 악에서 구하소서","10","원빈의 아저씨보다 황정민의 아버지다!!그리고 이정재의 연기와 목소리는 예술!!박정민의 변신은 뱃살의 디테일이 살아있드라~ "
"94","다만 악에서 구하소서","10","와 연기 진짜 너무 잘한다 "
"95","다만 악에서 구하소서","9","오래간만에 액션영화를 본 것 같네요 두 주연배우의 연기와  많은 조연배우들의 어우러진 호흡으로인해  시간가는줄 몰랏네요 "
"96","오피스","6","천장으로 어떻게 올렸을까 개연성 밥 말아먹었네 "
"97","다만 악에서 구하소서","8","여자 죽인애는 누구임???? 그애들은 못봣는뎅.. "
"98","다만 악에서 구하소서","8","한국판 테이큰. 천의 얼굴 박정민이 끝까지 여움에 남는다 "
"99","조디악","10","이게 8점대라는게 말이되나 "
"100","다만 악에서 구하소서","2","캐리어 광고인가, 파나마 관광청 광고인가...한국 영화에서 볼 수 있는 모든 신파와 클리셰를 감상할 수 있음. 더불어 난해한 카메라 무빙과 개연성 부재. "
"101","남산의 부장들","9","배우들 연기가 너무 훌륭하다... 마지막 선택이 김재규라는 사람을 잘 보여준 것 같다. 전머머리는 정말 언제봐도 역겹고 죽이고 싶어진다. "
"102","강철비2: 정상회담","10","올해 최고의 영화로 기억될 것 같아요. 적어도 제게는요 :) 감사합니다, 이런 좋은 영화 만들어주셔서요 ㅎㅎ "
"103","다만 악에서 구하소서","2","기대을 많이해서 그런지~~스토리도 없고감동도 없고, 잔인 액션만ㅜ "
"104","안개 속의 풍경","8","남매는 끝없이 안개가 걷힌 곳으로 향하는 중..나는 과연 안개속에 있는가, 밖에 있는가.. "
"105","다만 악에서 구하소서","10","이런 느와르를 보고싶었다 "
"106","사우스바운드 - 죽음의 고속도로","10","가려서 보는 편인데 이 정도면 볼만한거 같던데결말 잘 이해 안되는건 맞는데괴물도 신박하고 보는 내내 집중하게 만들어서 좋았는데네이버 평점 너무 짠듯 균형 맞춰서 5점 "
"107","강철비2: 정상회담","2","그래서 2탄 이런거는 보는게 아이다~~~ "
"108","다만 악에서 구하소서","10","다만 슘에게셔 구하소셔! "
"109","다만 악에서 구하소서","10","마지막에 태국 란 일당이랑 황정민 이정재가 한편 되어 싸웠어도 잼났을듯! 박정민이 악에서 구하는 주인공이네요!!! 황정민 이정재 두 사람은 믿보배 "
"110","강철비2: 정상회담","6","이영화의 주인공은 부함장아님?ㅋㅋ "
"111","애나벨","5","애나벨이 아니고 웃음벨 "
"112","강철비2: 정상회담","8","강철비2 오늘 보고 왔는데요곽도원과 정우성이 1과 2에서 역할이 극도로다르지만 그래도 스토리 전개도 괜찮았고배우들의 연기도 멋졌어요^^대통령분들 갑자기 북한 잠수함에끌려가서 잡히는 거에 대해 좀 더 합당하고구체적인 설명이 있었으면 좋았을거 같습니다총평은 전반적으로 좋았는데 좀 아쉬운부분이있었다. "
"113","반도","2","스토리가 너무 없었음 연기도 딱히 "
"114","스타워즈: 라이즈 오브 스카이워커","10","진짜 1편부터 쭉 보고 보면 가슴이 웅장해 지는듯 "
"115","다만 악에서 구하소서","9","영화에 대해 전문적으로 잘 모르지만 연출미 영상미가 너무 좋았던거 같아요 연기는 정말,,, 다시 한번 소름이 돋았구요 신세계때와는 전혀 다른... 총격씬에서 현실성이 떨어진다는데 영화에서 얼마나 큰 현실성을 원하는건지 모르겠지만... 오랜만에 영화관에 단비가 내린거 마냥 잘 보고왔어요!! "
"116","강철비2: 정상회담","10",""
"117","다만 악에서 구하소서","8","스토리는 식상하지만 박정민 연기 진짜 잘함... 다른사람인줄ㄷㄷ "
"118","다만 악에서 구하소서","10","이정도면 올해의 영화다 "
"119","다만 악에서 구하소서","10","역시 황정민간만에 스크린에서 보는 황정민은 역시 황정민이었다. "
"120","더 콜","10","넘 재밌다 지루하지 않고ㅎ 킬링타임으로 굿 "
"121","우리 생애 최고의 순간","1","이거 10점 준 사람들 극한알바도 10점 줬겠지.  개쓰1레기 억지 감동 연출 닭살 돋아서 보다 말았다. "
"122","다만 악에서 구하소서","10","연기자들의 눈빛하나하나 역시 찐이다. 박정민 연기에 또 놀랐다! "
"123","강철비2: 정상회담","1","걍 진짜 재미없음.. 안보는게 이득입니다 "
"124","다만 악에서 구하소서","9","박정민매력덩어리기 - 승 - 전 - 유이 "
"125","강철비2: 정상회담","10","허구지만 현대를 살아가는 대한민국 국민이라면 감정이입할 수 밖에 없어요.. "
"126","다만 악에서 구하소서","10",""
"127","메이즈 러너: 데스 큐어","10","가족들이랑  다같이 재밌게 봄 "
"128","다만 악에서 구하소서","1","뷔페식당 같이 이거저거 다 가져와서 그럴싸하게 보이기는해 근데 존~~~~나 맛없다! 끝! "
"129","다만 악에서 구하소서","10","코로나고 뭐고 1000만은 그냥 갈 영화 "
"130","다만 악에서 구하소서","10","박정민 연기 매우 좋아요. "
"131","찬실이는 복도 많지","10","찬실씨 당신은 멋진 사람이에요! 첨에 감탄사 난 풍경이 계속 되니 멋짐을 잊었을 뿐 개봉영화 중 최고 "
"132","다만 악에서 구하소서","7","신세계를 기대하며 본영화.너무기대가 컸나보다. 그닥 왕래도 없던 형의 복수를 위한 너무 무모한 복수설정. 현실성이 떨어지는 총격씬. 그냥 그냥 신세계처럼 큰 임팩트는 주지못한영화다 "
"133","나이브스 아웃","10","추천합니당~~^^!! "
"134","다만 악에서 구하소서","9","박정민이 진짜 히든카드고 결말은 맘에 안들지만 연출이 돋보이고 이정재 연기가 아주볼만합니당이번 배우들 다 연기가 출중해서 막 분위기 깨는거 없고 재밌어요 "
"135","결백","1","와 시간아깝다..영화관에서 안 보길 잘했다.. "
"136","위대한 개츠비","8",""
"137","퍼펙트맨","10","이런영화가 있었군요 설경구 나온 영화는 우선 평타 이상인 건 부인할 수 없어요 "
"138","어게인","8","뮤지컬영화라는 다소 독특한 장르의 영화입니다창의적인 연출력이 놀라움을 주기도 했지만뻔한 결말이 너무 아쉽습니다배우들의 음성은 너무 훌륭해서보는 내내 힐링 되었네요 "
"139","6 언더그라운드","10",""
"140","캡틴 필립스","10","대한민국아! 우리 자국민이 인질로 잡히면 너희는 저렇게 구출할수 있겠니?... "
"141","투모로우","10",""
"142","다만 악에서 구하소서","1","그냥 차라리 황정민 술먹방이나 찍어라 "
"143","다만 악에서 구하소서","6","각본이 많이 부실하고 개연성도 없다. 배우들의 노고가 보였을 뿐 "
"144","#살아있다","1","살아있다? 어이가없다! "
"145","강철비2: 정상회담","10","잠수함이 견뎌야 하는 심연의 수압과는 비교할 수 없는 주제와 스토리의 무게감이 있다. "
"146","다만 악에서 구하소서","10","걍 보셈 요새 나온 영화 중 최고 "
"147","다만 악에서 구하소서","10","두 주연은 말 할 것도 없고 박정민의 천의 얼굴 같은 연기는 어색하지 않았습니다. "
"148","다만 악에서 구하소서","10","오랜만에 잘 만든 영화 봤네요.반도처럼 너무 진부하지 않고 강철비처럼 정치적이지 않아 좋네요. "
"149","다만 악에서 구하소서","9","느와르장르 감안하면 빠른전개 영상 스토리도 좋아요 "
"150","러브 네버 다이","8","줄거리 빼고 완벽한데 줄거리가 심각함.. 이거 시나리오 쓴 사람 원작 안 본 듯. 어떻게 All I ask of you 부르던 연인을 저렇게 만들어 "
"151","회사원","6","아직 회사를 안다녀봐서 공감이 안 되는 부분이 있는 것 같다.. 취직하고 다시 보면 평점 달라질수도..? "
"152","애니멀 크래커","10","애들이랑 보기 최악이요! 선정적이고 폭력적인대사하며 ost에 퀸의 19금 노래는 왜 놓은건가요? 가슴에서 대놓고 물건을 꺼내질않나 아무리 애니메이션이니 웃음포인트로 넘기려했으나 멍청이 멍텅구리 똘마니?까지 더빙으로 이게 실화임? 진짜 어처구니없음 별점하나도 아까운데 이걸 안주면 등록이 안되서 일단 남기고 별점 많이줘야 상단에 노출되서 만점드림 보지마세요! "
"153","강철비2: 정상회담","1","이승환이 투자하고 통수 맞은 영화 ㅋ "
"154","다만 악에서 구하소서","8","오랜만에 재미있는 한국 액션 영화를 본 것 같네요. 두 정민 배우님들의 연기와 이정재님의 아우라 멋집니다! "
"155","다만 악에서 구하소서","10",""
"156","다만 악에서 구하소서","10",""
"157","침입자","4","내용이 나중에 산으로 가는..좀 실망스러운 영화.. "
"158","키싱 부스 2","9",""
"159","다만 악에서 구하소서","10","스토리는 그냥 그런 스토리지만 영화 영상이나 사운드, 특히 배우 연기에 극한의 연출로 믿고보는 감독과 배우의 작품 "
"160","다만 악에서 구하소서","7","스토리는 매우뻔하지만 연기는 뻔하지않았다 작은 떨림까지 완벽한감정연기였다 "
"161","굿 윌 헌팅","10","It's not your fault is the killing point "
"162","다만 악에서 구하소서","10","황정민 연기 잘하네요!!! "
"163","다만 악에서 구하소서","2","코로나 때문에 광고를 더 많이 하는 것 같습니다. 기대감에 미치지 못하는 영화, 비슷한 캐릭터... 예고편이 제일 재밌었던 것 같음 "
"164","다만 악에서 구하소서","4","스토리가 ...빈약해요  배우님등 연기는 굳 "
"165","다만 악에서 구하소서","6","8세로 찍어놓고 15세로 낮춰서 편집하다보니잔인한 장면 다 짜르고스토리 뚝뚝 끊기고뭔가 어정쩡해진 영화결론 : 성난황소에 수양대군 첨가 "
"166","다만 악에서 구하소서","10","정말 타격감 너무 훌륭하고 너무 재밌습니다 정말 배우캐스팅도 지립니다 정말 잘봤네요 "
"167","강철비2: 정상회담","10","재밌게봤어요. 잘 만들었습니다. 완성도가 높다고 생각합니다. "
"168","강철비2: 정상회담","1","잠이 오는 영화+문재인 찬양 느낌 "
"169","다만 악에서 구하소서","10","연기 미쳤음 진짜... 다들 봤으면 해서 이거 처음 써봐요 다들 극장가서 꼭 봐주세요 "
"170","다만 악에서 구하소서","10","박정민 배우  케스팅은 신의 한수, 박정민은 연기천재? 박정민 다음작품 기대기대. . . "
"171","강철비2: 정상회담","10","이번 개봉한영화  두편다 봤는데...폭렉적인거는 참 싫습니다...강철비  네이버에서 평가보고  별루인갑다  하고 기대안했는데...훨씬 볼만했어요...미국대통령  미국인스럽게 웃기는스탈이고...잠수함 운전아저씨  선장  운전 너무잘해주고  멋졌고...정우성씨  멋집니다~~~ "
"172","다만 악에서 구하소서","10",""
"173","강철비2: 정상회담","10","오랜만에 재미있게 봤네요 "
"174","다만 악에서 구하소서","1","어떻게 이렇게 평점이 높을 수 잇죠? 개연성 제로 연출 노답 배우들 연기가 아까운.. 그런영화 아저씨2인줄 "
"175","다만 악에서 구하소서","7","스타일""은"" 나지만 사실 스타일""도"" 나길 바랬었다 "
"176","다만 악에서 구하소서","5","배우들 연기나 액션씬은 볼만했는데 스토리가 영 부실해서 개인적으로는 실망한 영화...ㅜ "
"177","다만 악에서 구하소서","1","그냥 한마디로 쓰레기영화.황정민,이정재가 이런 영화에 출연하다니,,,,액션씬.빼고,내용은 허잡한 70년수준의 스토리에,요즘 조폭들 영화안나오던만,,이젠 무대를 동남아조폭으로 옮겼냐...시간 돈 아깝다!!! 집에서 네플릭스나.볼껄...별1개도 아깝다. "
"178","위대한 쇼맨","10","인생영화 등극했어요! 노래도좋고 자리에서 일어날뻔.. 스토리도 좋고 짱! "
"179","다만 악에서 구하소서","10","이정재 연기가 진짜 짱이드라 악역인데 섹시해 미쳐버림 "
"180","반도","10","아들들이랑 보고왔는데 보는 내내 몰입되어  놀라고 찡하기도 했습니다~  처음부터 끝까지 잼나게 보았어요~ "
"181","다만 악에서 구하소서","10","시간 순삭. 한 20분 쯤 지났나 했는데 영화가 끝나버림. 올해 지금까지 본 영화 중 최고! "
"182","다만 악에서 구하소서","10","지루할틈 없이 재밌게 보았습니다 "
"183","다만 악에서 구하소서","10","박정민 연기 넘 잘하는 거 아님 캬~당황하면 굵은 목소리로 형이라고 부르네ㅋ "
"184","다만 악에서 구하소서","9","반도로 상처받은 내 마음이 치유됬습니다. "
"185","어벤져스: 엔드게임","10","굿귯귯굿귯굿귯굿귯굿귯 "
"186","다만 악에서 구하소서","5","그닥 참신성이 부족한 스토리. 탄탄하지도 않고...액션이 멋있다길래 기대하고봤는데,액션씬 중간중간 슬로우모션을 조금씩 걸어 놓은 그게, 멋있게 연출된게 아니고 내게는 조금 오글거리게 느껴졌다. 화려한 액션씬이 그리 많은 것도 아니고...여튼 평점이 높길래 오랜만에 극장가로 향했는데 엄청 실망하고 나왔다. 영화 중반부에 자리에서 일어나 나올까 몇번을 고민했다. 정말 나만 별로였던건가...? "
"187","강철비2: 정상회담","2","토착빨갱이 라도출신 중졸 정우성이 뭘 안다고 정치발언이랍씨고 요즘 엄청 꼴깞 떠는대~문천지 더부러절라도인민강간당에 착 붙어서~여기에 4~5점 누른애들 장담하건대 백프로 토착빨갱이 라도쪽 댓글알바들~ "
"188","다만 악에서 구하소서","8","액션씬이 볼만했고  좀 살짝 지루했지만박정민 연기도 뭔가 새로웠고  이정재 연기와황정민 연기 볼만했음   다소 마지막이 좀 아쉬웠지만나쁘지않았음  그리고 아역으로 나온 여자아이너무 이쁨  웃는모습   박정민 같은 사람 방콕이나 동남아에 널렸다는걸 다시한번 더 느낌 ㅋ "
"189","다만 악에서 구하소서","9","올해 여름 추천영화에요!! 배우들 연기가 압권 이정재 지금까지 나온 영화 중 단연 최고인듯하고 역시 황정민!! 박정민 배우는 역시는 역시다 "
"190","다만 악에서 구하소서","10","배우들 긴장안하나요?황정민 연기할때 너무 신세계 같고이정재는 암살 캐릭터 같은 느낌나는게 저만그런건가요?그래도 너무 조아서 영화내내 시간아 가지마라 주문외웠습니다10점 만점에 11점 줍니다..ㅎㅎ "
"191","타이타닉 2","1",".22 다시 만들자 화이팅 "
"192","애니멀 크래커","1","와. 진짜 이렇게 돈 아까운 애니 간만이예요.산만하고, 스토리 뚝뚝 끊기고,촌스러워요. 내용도, 주인공도 모든게요.돈주고보기는 너무 아까움.딸아이가 너~~~무 심심해해서 TV틀고 만화채널 돌리는데애니멀크래커가 한다고 해도 바로 채널 돌릴거예요.그런 애니임.OST도 이상해요.중간중간 다른 애니가 보여요.마다가스카도 보였다가 라이언킹도 보였다가 착잡합니다. "
"193","야구소녀","10","멋진영화. 가슴이 벅차오르는 영화입니다. "
"194","미드소마","2","이거보다 돌발성난청이 왔습니다.평소에 여자비명 아기 울음소리 싫으면 비추 "
"195","다만 악에서 구하소서","10","짱잼진짜 굿굿정말 황정민 이정재 박정민 연기는 탑이다 "
"196","강철비2: 정상회담","1","좌파정권 지긋지긋하다 반미친북 "
"197","다만 악에서 구하소서","5","황정민, 이정재를 가지고 이따위 작품이 나오다니...랍스타, 트러플을 넣어 끓인 라면 같은 영화.딱 하나 건진건 박정민의 연기력.줄거리 개연성이 하나도 없으며 관객 입장에서 설득당할 설명, 장치가 하나도 없었다. "
"198","감쪽같은 그녀","8","보면서 질질짰는데.... 평점이 별로 안좋군요나문희님과 수안이의 연기가 좋았어요 초등학교 애기들도 귀엽고요 볼만 한 영화 "
"199","다만 악에서 구하소서","8","한국판 테이큰?볼만합니다 "
"200","반도","5","C급 액션 영화로 생각하고 보시면 정신건강에 좋습니다 "
"201","용문비갑","4","옛날 촉산전 영화 CG 보다도 못한... "
"202","반도","1","신파때만 꼭 얌전해지는 좀비 떼들... 예상가는 결말.... 살아있다만큼 망한 한국좀비영화... 영화에 신파를 없애야하는 법안이라도 발의해야 할듯 "
"203","비치","10","개꿀잼이요~ "
"204","다만 악에서 구하소서","10","황정민 이정재 진짜 멋있음특히 이정재 쵝오 "
"205","애니멀 크래커","4","지루해요 ㅡㅜ 아이도 재미없어서 계속 언제끝나냐고 묻고 차라리 ㅃㄹㄹ가 나은듯요. "
"206","모노노케 히메","10",""
"207","우리들의 행복한 시간","10","너무 슬퍼요ㅠ눈물이 멈추지를 않아요가장 슬픈 건 죽는게 아니라 내가 죽었을 때 슬퍼해줄 사람이 있다는 거 같애요ㅠㅠㅠ "
"208","더 킹","10","아... 최두일이 진짜다. "
"209","다만 악에서 구하소서","10","정말 별기대안하고 봤는데 시작하는순간부터 끝나는순간까지 눈을 한번도 다른곳으로 돌릴수가 없었다. 정말 몰입력최고 스토리최고 완전 재밌게 잘봤어요. 그리고 박정민 최고!!! 의외의 캐릭터로 나오는데 정말 놀랬어요! 그리고 기억에 많이 남네요! 최고!!! 그리고 감독판으로 꼭 다시 나왔으면 좋겠어요~~!!! "
"210","강철비2: 정상회담","2","친북반미 문통홍보 저급 영화네,,김정은을 스마트한 놈으로 만들고,, 적당히 좀 합시다 "
"211","우리 손자 베스트","6","명계남과 똑같은 못생긴 배우가 나와서 중간에 꺼버렸다 "
"212","드리프트","10","자비에르 사무엘 매력있어 서핑 전문가답다 "
"213","다만 악에서 구하소서","4","연기는 좋았다 역시 명배우들이었다 액션도 나쁘진않은데... 우리나라는 제발 그래도 이런액션은 버리자.. 쓸데없는 서든어택 찍고 되도안되는 스토리구성은 진짜 보다 나오고싶었을정도니까.. 심장 두번에 수류탄에 왜안OOO데ㅋㅋ "
"214","팡파레","10","골때리는 영화네 겁나게 신선한건 인정!! "
"215","강철비2: 정상회담","1","최악이다 정치선전 영화라고 밖에 안보임. 왜 이게 별점 8점대인지 이해가 안가네.. 내돈 ㅠㅠ "
"216","강철비2: 정상회담","1","좌 파 영 화 입 니 다... "
"217","다만 악에서 구하소서","10","막판에 오열했는데ㅠㅠ근래 본 영화중 잴 재밌음반도를 왜 봤으까나 ㅡㅡ "
"218","강철비2: 정상회담","1","전연령이 평균 8점 준 강철비 화이팅 "
"219","트랜짓","8","색다른 접근 잘 봤습니다. "
"220","다만 악에서 구하소서","10",""
"221","다만 악에서 구하소서","4","코믹영화인가? 정체를알수없는영화.. "
"222","강철비2: 정상회담","10",""
"223","온다","6","잘하면 일본판 곡성, 유전이 될 수 있었는데... 퇴마사들은 조연으로 한정시키고 초반 주인공 부부에 집중했어야 했음; 후반부에 퇴마사들 이야기 얽히고 스케일 커지면서 산으로 감 "
"224","다만 악에서 구하소서","1","나만 죽을수없다는 평점들이네 많이들보고 돈버리세요 ㅋㅋ "
"225","불량한 가족","2","초롱님의 팬이라서 보게 되었는데 기대했던 것보다는 아쉬웠습니다.공감을 이끌어내는 게 이 영화의 목표였던 것 같은데 영화 중간중간의 어색한 대사나 상황들에 공감하기엔 어려움이 많았어요. 이 영화에 출연한 배우분들의 팬이라면 한번쯤은 시간 내서 볼만하지만 아니라면 별로 추천드리고 싶진 않네요.. 그래도 팬이기에 초롱님의 연기 도전을 응원합니다. ㅎㅎ "
"226","반도","6",""
"227","카트","10","디오 연기 왤케 잘해.. "
"228","다만 악에서 구하소서","5","액션 영화가 이렇게 지루할 수 있다는걸 알려 준 영화. 스토리와 개연성은 어디다 말아먹었는지... 그리고 마지막 신파는 또 뭔지 "
"229","다만 악에서 구하소서","9","역시 황정민X이정재~~ 박정민까지!! 연기 일품이네요.다만, 스토리가 너무 예상이 되는 스토리이고...신세계 느낌의 포스를 기대했는데, 살짝 아쉬웠어요!!신세계에 아저씨 영화 합친 느낌이예요 ㅋ "
"230","다만 악에서 구하소서","8","감독이 재미있는영화를 많이 하셨네요ㅎ엄청 재미있다 이런건 아니였습니다 그러나 몰입은 머 시간가는지 모르고 봤네요! 아저씨느낌이 확 와닿았습니다 액션은 타격감 좋습니다 다시 보라고 해도 더 볼수있는 영화인거 같습니다^^ "
"231","다만 악에서 구하소서","6","아저씨 원빈 내용이랑 스토리가 너무 똑같다... 지루했어요 "
"232","반도","10",""
"233","다크 나이트","10","조커 연기..ㄷㄷㄷㄷ "
"234","다만 악에서 구하소서","1","누가 나한테 추천했냐.. "
"235","강철비2: 정상회담","1","정치색이 가득한데 재미도 없음. 강철비1은 여러번 봤는데 강철비2는 보면서도 시간아까웠고 두번은 볼 일이 없겠네요 "
"236","콜 미 바이 유어 네임","10","먹먹한 느낌,, 내가 방금 이별한 것 같은 착각.. "
"237","강철비2: 정상회담","1","서프라이즈 보다 못한 영화잠수함 전투씬은 볼만했음 "
"238","강철비2: 정상회담","1","최악이다.;; "
"239","다만 악에서 구하소서","10","진짜 연기하난 죽이네 아주 그리고 스토리 빈약한건 맞긴함. 그래도 배우들 연기도 지리고 극중 긴장감 자체가 높아서거보면 보는동안은 빈약하다고 안느껴짐 "
"240","다만 악에서 구하소서","10","최근 넘쳐나는 수준미달 스토리 연기+어설픈 신파+집권정부에 편향된 이상한 정치색으로 떡칠한 영화중에 돋보이는 정말 영화다운 영화. 오랜만에 재미있는 영화를 보았음 박정민의 연기 변신 주목. "
"241","다만 악에서 구하소서","2","댓글 알바들 썼나 개노잼ㅡㅡ "
"242","다만 악에서 구하소서","10","역시 황정민이다 라는 말밖에안나오네요! "
"243","강철비2: 정상회담","1","정우성 씨발~ 지푸라기도 잡고싶은 도 그렇고 OO은 영화만 찍고 돈만 챙기고 씨발 난민 드립에 OOO 비호감 이 영화 웬만하면 보려했는데 OO 평점이 리뷰 댓글이 와 씨발 정말 최악이다! 볼수가 없다! 감독 씨발 솔직히 전편 괜춘했잖아 ! 아 OO 답답하네 "
"244","정도","10","헨리 연기 잘해서 놀랐음. 스케일은 극장에서 볼 수준인데 집에서 보니 안타깝네요. 스토리가 탄탄한 것 같지 않지만 게임을 영화화 한 거라니 나쁘진 않은것 같고, 지루할 틈 없이 순식간에 전개됨..1편만으로는 아쉽고 2편이 나왔으면 좋을듯요~그리고 OST 너무 좋아요~ "
"245","반도","2","염력보단 나아요... "
"246","007 어나더 데이","3","아니 평점 낮은 이유가 우리나라에 빨갱이 많아서 그렇다는 저질아들은 뭐냐? 아니 평점 낮은 이유가 한국어 엉망이라 몰입이 잘 안돼고 물소니, 거대한 마이애미급 파도 같은 설정이 한국과 전혀 맞지 않아서 그런거지. 북한 나쁘게 나와서 그렇다고 생각하는 애들 OO극혐이다 진짜로 "
"247","헬로우 고스트","10",""
"248","에이 아이","10","띵작ㅠㅠ울고 싶으면 이 영화를 보면 된다 "
"249","미래의 미라이","2","그냥 긴말안하면 제목이 미래의 미라이일 필요가 있었나 싶어요....실망.. "
"250","브로큰 애로우","10","평점너무낮네 이토록 완벽하게 짧고 굵게 즐길수있는 영화도 없는대 "
"251","다만 악에서 구하소서","10","진짜 재밌다 내믿고 봐라 "
"252","다만 악에서 구하소서","10","죽이네요b 사람 많이 죽이네요~ㅋㅋ 이정재 연기 오지고요 박정민 너무 이쁘네요 안보는 사람 없이 다 봤으면 좋겠어요 "
"253","미녀는 괴로워","10","내 삶에 용기를 주는 영화 "
"254","다만 악에서 구하소서","10","이정재 지리고 박정민 오진다.... "
"255","천문: 하늘에 묻는다","8","아쉬운 부분이 없는 건 아니지만 아쉬운 부분을 커버할 수 있을 정도의 장점들이 많은 작품들입니다. 정말 한석규의 세종 연기는... 혹시 집에서 보실 생각이 있는 분들은 한 번 보셔도 후회 없을 것 같네요. 원래 리뷰 잘 안남기는데....정말 bb "
"256","다만 악에서 구하소서","10","지루하지 않고 재미 있었음 "
"257","다만 악에서 구하소서","10","국내 하드보일드무비 원탑 "
"258","다만 악에서 구하소서","10","하... 정말...  제발... 꼭!!!보세요ㅠㅠ "
"259","다만 악에서 구하소서","10","존잼이다. 황정민 역시는 역시.. 액션,연기 너무 멋있다. 박정민은 너무 충격적이라 첨엔 웃겼지만 연기에 스며들어가 그 모습 그대로 보게됨 이정재도 액션 연기 손색없이 캐릭터에 빙의함 "
"260","다만 악에서 구하소서","1","음... 정말 스토리도 모르겠고 배우자들 연기만 좋았던 것 같아요 싸우다가 끝나고 눈물에 약한데 감동 포인트에서 눈물이 아니라 하품이 나왔어요.. "
"261","초속5센티미터","9","만남이 있는 이유....... .이별이 있기 때문에 "
"262","다만 악에서 구하소서","1","개연성 없는 영화 Jot나 극혐인데, 딱 그런 영화. "
"263","싸움의 기술 2","1","ㅋㅎㅋㅎ어설퍼서 계속 웃었네ㅋㅋ시간떼우기 좋네 "
"264","다만 악에서 구하소서","10","한국영화의 엄청난 진화를 보여줬다. 코로나때문에 해외에 못나가는데 영화로나마 해외에 있는듯한 기분이고 황정민 이정재 박정민 연기 정말 .... 대박입니다. 스토리 뻔한 해피엔딩 아니고 신파없어서 좋고 너무 잔인하지 않아서 좋고  관객들에게 판단을 맡기는 듯한  영상 참 좋았습니다. 액션또한 타격감 높은 영상미 한국영화에서 전엔 볼 수 없던 기술입니다. 긴장감 높이는 음악들. 여튼 모두다 최고였습니다. 감독님이 누군지 다시 찾아보게 되는 영화였어요. 꼭 보세요. 이영화는 소리가 주는 집중도도 좋아서 집보다는 영화관에서 봐야해요. "
"265","다만 악에서 구하소서","10","독전이후로 확 땡기는 영화 정재씨눈빛액션스타일너무멋짐 "
"266","다만 악에서 구하소서","9","그나마 반도랑 강철비2보다 낫네요.. 배우들 연기랑 액션은 통쾌하고 눈을 땔수가없지만 스토리는 너무 뻔하고 식상.. 그냥 스토리 딱히 생각하지않고 배우들 연기로 눈호강 하고싶은 분은 보셔도 될꺼같아요. 영화 끝나고 딱히 남는 감정도 없으니 가볍게 보면 될꼬같음 "
"267","강철비2: 정상회담","10","평점이 왜캐 낮게 나오는지 .스토리 탄탄하고  현재 우리나라 상황이네요평화협정/ 중.일.미  눈치보지 않는  통일  ...국민이  만들어야합니다. 감동~ "
"268","클래식","10","볼때마다 울게 만드는 영화. "
"269","다만 악에서 구하소서","7","이정재 GD 같다는 리뷰 알바썼다고 생각했는데, 보고 나면 이해 됨! 레알 관람객 평 맞는 듯스토리 빼고 연기만 보면 다음 날까지 생생할 정도로 기가 막히는데 그 중 박정민 연기 계속 생각나 미치겠음 "
"270","마녀 배달부 키키","10","완전 좋아요 ㅠㅠ 내가 키키 키운 느낌 대견해 죽겠다 "
"271","#살아있다","5","유아인 잘생겼다 박신혜 이쁘다 좀비 신기하다 짜파게티 맛있겠다 영화요약끝! "
"272","다만 악에서 구하소서","10","오랜만에 본 영환데 액션, 명연기, 연출 모두 좋았어요. 역시 믿고 보는 황정민, 이정재 그리고 박정민 ㅎ 압권입니다~ "
"273","다만 악에서 구하소서","1","박정민 여장만 재밋음 개노잼 "
"274","무간도","10","무간도 꼭 보세요무료라고 하니 정말 좋은 영화입니다우리나라 신세계도 이영화를 만히 따라했죠그런고는 모티브 이런말은 쌩~ "
"275","강철비2: 정상회담","9","스토리랑 연출 액션이 돋보였고 배우들 연기가 반은 먹고 들어감 "
"276","반도","7","그냥저냥 볼만함! "
"277","다만 악에서 구하소서","10","전혀 평범하지 않았고 역시 국내 탑급 배우들이 나와서 재밌게 보다 갑니다 "
"278","다이 하드 2","10","성인판 나홀로집에다. 수많은 경찰이 있지만 맥클라인아저씨만 경찰역할을 하는 공항편 나홀로집에. 고드름의 위험성을 깨닫고 간다. ㅋㅋㅋㅋ 크리스마스 액션 뿌시고 터뜨리고 잼있다. "
"279","다만 악에서 구하소서","6","베댓대로 ㄹㅇ 이정재 지디 박정민 연기 놀라움 황정민...ㅎ... ㅎ ㅏ... 연출 조커 짭느낌 스토리 아저씨 짭느낌 액션 기대했으나 걍 존윅 재탕이 나음 요새볼만한 영화가 없는건 맞는데 이 영화도 영... "
"280","굿 다이노","10","이런 명작을 넷플로 이제야 봤네요 시간 가는 줄 모르고 재밌게 잘 봤어요 "
"281","다만 악에서 구하소서","9","어느정도 스릴 있고  제목은 종교적이지만  종교와 무관하며 이정재님 목 타투가 너무 예뻤고  첫 장면에서 스타일이 너무 좋았어여.. 여장남자분 ㅡㅋ. 이름이. 갑자기. 생각이. 안나네용 ㅎ. 연기. 잘. 하시더라고용. 재밌게 봤습니당 ㅎ 주제와 내용은 연결고리가 없지만. 볼땐 재밌고 보고나서는.... 아무튼 코로나시국에. 개봉된게. 안타깝네영 ㅜㅜ "
"282","다만 악에서 구하소서","1","폭력적. 남성 감독의 시선에서 제작된 영화. 피해자는 전부 여성. 시대의 흐름 좀 읽어주시길 "
"283","다만 악에서 구하소서","10","배우들의 명품연기짱 재미잏ㅇㆍㄱㅎㅇ음 "
"284","다만 악에서 구하소서","10","박정민 연기 엄청 잘하네요^^재밌게 보았어용! "
"285","다만 악에서 구하소서","10","이장재 황정민 액션이 좋다 "
"286","순수의 시대","10","강한나 노출씬 나온대서 봤는데 보다보니 영화 넘 재밌네요.평점보니 이해가 안될정도로 영화 재밌네요.진짜 영화 평점 믿을거 못됨. "
"287","엽기적인 그녀","10",""
"288","다만 악에서 구하소서","1","스토리 최악 배우빨 액션 말고는 최악인 이 망작이 도대체 왜 9점대지..? 댓글 알바들 화력 대단하네 ㄷㄷ "
"289","덩케르크","10",""
"290","다만 악에서 구하소서","9","이정재 목소리톤 최고로 독보적인거같아서 감탄하고황정민은 역시 믿고보고 박정민의 또 다른모습에 놀랬다 "
"291","봉오동 전투","10","보면서 정말 가슴이 뜨거워 지고 또 눈물도 나는 그런 영화였습니다. 이 영화가 있었기에 그 때 당시에 상황을 더 생생히 느낄 수 있었어요 정말 잘 봤습니다! "
"292","다만 악에서 구하소서","9","딸을 사랑하는 황정민씨 연기때문에 펑펑 울었습니다. 피와 칼부림이 난무하는 잔혹장면 투성임에도 이렇게 마음아파도 되나요? 박정민 때문에 재밌었고 이정재..이렇게 징글징글 뱀쉬키였나 싶음. 암튼 강추! "
"293","강철비2: 정상회담","10","알바 아닙니다.KT포인트로 공짜로 보기는 했으나영화 내용을 이해하고 보면 정말 재밌습니다.개연성 없다고 하시는 분은...아마 가케무샤나 독도작전의 의미를.. 이해 못하셔서 그런듯요?저도 볼때 헷갈리더라구요^^;;근데 스토리 안에서 현재 국가들이 취하고 있는 정치적인 입장을 다 보여주고 있습니다.다만 10대 20대 친구들은 이해가 어려울수도 있습니다.상업영화다 액션이다 하지만..그 안에 정말 많은 정치적 함의를 담고 있어서저는 난폭한 느와르 보다는 훨씸 재밌게 봤습니다사실 폭력적인 영화는 안보거든요.그리고 잠수함에서 싸우는 씬은 맘이 아팠네요.. 현재 한반도의 우리 모습이 잠수함에서 일어나고 있는듯해서마지막에 우리 국민에게 던지는 메세지도 정말 좋았습니다^^저는 강철비2 보고 바로 강철비1도 네이버에서 봤어요~아 그리고 음악감독 누구신지 몰라도..음악 넘 좋습니다^^즐감했습니다~ 감사합니다^^ "
"294","다만 악에서 구하소서","8","내용이야 뭐 근데연기는  진짜 좋았어요이정재님 나올때마다 상어나타나는느낌...ㅠㅠ박정민님은 진짜 ㅋㅋㅋㅋ 연기짱이었습니다황정민님도용 "
"295","반도","4","아쉽다 부산행을 따라가진 못함 "
"296","다만 악에서 구하소서","10","오랜만에 다방면에서 흥미로운 영화였습니다! "
"297","다만 악에서 구하소서","7","이정재 캐릭터를 끝까지 모르겠다 그냥 쾌락 킬러인데 이정재가 멋있게 대사쳐서 또라이처럼 안보이는 건가 마지막 대사칠땐 그냥 가오가 뇌를 지배한 캐릭터구나 싶었다 "
"298","다만 악에서 구하소서","10","이제 영화에서 감독들 이정재 등장씬은 부담될듯 백정 등장씬 존멋ㅌㅋㅋ케~ "
"299","광해, 왕이 된 남자","10",""
"300","다만 악에서 구하소서","3","나 초능력 있는듯. 영화 결말을 보기도 전에 알아버림 "
"301","다만 악에서 구하소서","10","개재밌음. 역시 믿고보는 황정민 , 이정재인가 봄. 스토리도 지루하지 않고 우리나라 액션적인 부분 영화가 좀 수준이 올라간 느낌이었음.특히 박정민의 여자 연기는 인상 깊었음. "
"302","시동","8","기대안하고 보면 재밌어요 "
"303","퍼펙트맨","1","조폭영화 좀 그만 나왔으면 싶다... 조진웅 설경구 연기가 볼만해서 끝까지 봤지 극장에서 봤으면 표값 아까울 뻔 했다 "
"304","다만 악에서 구하소서","10","지금까지 볼수없었던 기똥찬 느와르 액션 정말 압권이었다..몰입감 작살... 중간 황정민과 딸 장면에서 조금 오글거림 있었지만.. 영화는 정말 수작이다..황해 신세계 등을 잼있게 본 사람에겐  강추 "
"305","애프터 웨딩 인 뉴욕","10",""
"306","강철비2: 정상회담","10","후반부로 갈수록 재미있고 감동적이었어요. 잠수함 씬들 몰입감 넘쳐서 집중이 잘되더라구요. "
"307","강철비2: 정상회담","10","우리의 소원은 통일을 원하십니까? "
"308","다크 워터스","10","실화라는게 안 믿긴다...  내 몸에도 있겠지, 테프론;;; "
"309","다만 악에서 구하소서","10","와우 너무 재밌어요 ㅋㅋ 간만에 돈과 시간이 아깝지 않네요ㅋ "
"310","시월애","10","이 영화를 왜 이제서야 봤을까 후회가 될 정도로 최고였던 영화 "
"311","어게인","1","정말 어이가 없어서 웃음이 나는 영화예요저도 포스터에 속아서 사기 당했네요 ^^ 정체불명. 말고는 설명할수없어요 "
"312","다만 악에서 구하소서","9",""
"313","다만 악에서 구하소서","10","간만에 취저 영화!!|ㅋㅋ "
"314","강철비","10","영화진짜 잘 만들었네... "
"315","강철비2: 정상회담","2","진짜노잼 국정홍보영화인줄 "
"316","다만 악에서 구하소서","10","아 화장실가고싶어 죽는지 알았네재밋음ㅋㅋ "
"317","다만 악에서 구하소서","6","아저씨 2(늙은 아저씨 둘) 보는 느낌. 액션 영상미는 좋음. 다만 이정재 목소리가 조금 반복되는 느낌(영화 '신과 함께',  '관상'에서의 목소리가 자꾸 생각남) "
"318","애니멀 크래커","10","세가족이 같이 봤는데...재밌어요 ^^ "
"319","다만 악에서 구하소서","8","개월만에 영화 봤다 영화는 이런거다 "
"320","#살아있다","8","영화 반도보다 괜찮아요~ "
"321","#살아있다","8","영화 반도보다 괜찮아요~ "
"322","다만 악에서 구하소서","10","왜들 박정민 박정민 하는지 ㅋㅋㅋ 알있다 드뎌 "
"323","다만 악에서 구하소서","10","진짜 과장 1도 안보태고 이게 우리나라 영환지 할리우드 영환지 고민하게 한 액션 "
"324","다만 악에서 구하소서","10","시간 가는줄 모르고 와..하면서 봄. 만드느라 고생 진짜 많이 했을듯. 최고야 짜릿해 "
"325","팡파레","7","백선생이 갑자기 따귀 때리는거 개웃겨 ㅎㅎ "
"326","다만 악에서 구하소서","9","스토리는 뻔하나  시간 후딱감 액션좋음 그런데 15세 관람이상 액션인데  ? "
"327","다만 악에서 구하소서","9","잔인하고 액션씬 볼만해요 박정민배우 연기 인상적^^ "
"328","B급 며느리","10","기대를 많이 하고 본 영화인데 영화를 보자마자 너무나도 공감이 되는 많은 이야기가 아직도 기억에 많이 남아있습니다. 어쩌면 우리 엄마의 세대 이야기, 아니면 어른이 되어가는 10대 세대의이야기 일수 있는  이야기를 담은 영화는 많이 추천 합니다. 너무나도 감명깊게 봤고, 우리 모두 B급 며느리가 되보아요^^ "
"329","침입자","8","스릴있게 잘 봤어요 저는..괜찮은데요..? "
"330","용쟁호투","9","그 당시 코팅 책받침 모델은 여배우들만 있는 것 은 아니었다~! "
"331","다만 악에서 구하소서","10","이정재 배우님이 다했음... 근데 박정민 배우님도 다 한 느낌적인 느낌?ㅋㅋㅋ "
"332","다만 악에서 구하소서","2","액션만 있고 줄거리는 하나도없음액션도 지루하고 뻔함황정민 박정민 연기덕에 살았음 "
"333","다만 악에서 구하소서","4","나를 악에서 구하소서 ㅡㅡ애미야 국이 심심하구나 "
"334","엑시트","10","왜 이제서야 봤을까 너무 후회했다ㅠㅠ 정말 쫄깃쫄깃하고 현실성 있는 스토리까지 여러모로 감동적이였습니다 "
"335","다만 악에서 구하소서","7","한국 영화에서 볼수 없었던 신선한 액션 청불이었음 더 좋았을듯 "
"336","다만 악에서 구하소서","1","역대급 OOO기ㅣㅣㅣㅣ "
"337","다만 악에서 구하소서","10","황정민은 엘레베이터 싸움의1인자다 "
"338","반도","6","부산행 보다는 못하지만 포스트 아포칼립스적인 비쥬얼과 액션은 볼만했습니다. 좀비 시대에 좀비보다 더 무서운 존재는 오히려 살아남은 인간들끼리의 분열과 증오라는 점도 나름 신선했고요. 다만 아역들의 약간 닭살 대사와 마지막 신파극은 좀 아쉽네요. "
"339","다만 악에서 구하소서","8","최근 개봉한 한국영화중 젤 낫네.. "
"340","다만 악에서 구하소서","2","차라리 깔끔하게 또라이 두명의 추격영화로만 만들어도 괜찮았을텐데 영화 후반부터 같잖은 부성애 장면 나올때마다 맥 끊기고 너무 한숨나옴.. 스토리도 엉성하고 액션만 볼만함 "
"341","다만 악에서 구하소서","10","걍 존나재밌다 진짜봐라 영알못들 "
"342","다만 악에서 구하소서","10","황정민 이정재 박정민 연기는 깔게없음 "
"343","다만 악에서 구하소서","10","황정민, 이정재 배우는 믿고보는 최고의 배우지만 박정민 배우의 여장 연기는 정말 최고네요. 다시 보게 됐습니다. 정말 짱짱짱 "
"344","다만 악에서 구하소서","10","황정민이정재캐미굿굿!!! 리얼 감정몰입도 굿!!끝까지 지루함없는 완벽한 연출과 연기 독보적인 비주얼 이정재님^^!!! "
"345","반도","6","생각을 엄청 많이 하고 볼 영화는 아닌 거 같고 그냥 시간 때우는 정도로 생각하시고 보시면 편하게 보실 수 있는 영화인거 같아요. 연기가 어색하거나 하는 부분은 없었던 것 같고... "
"346","다만 악에서 구하소서","10","재밌음 ㅠㅠㅠㅠ "
"347","다만 악에서 구하소서","2","연기, 연출 훌륭하다. 10점 만점에 9점이상.다만 스토리가.. 난 진짜 스토리가 너무 아쉽다. 어차피 액션영화니까 스토리가 약해도 화려한 볼거리만 있다면 어느정도 점수를 먹고 들어가는거 알겠는데.. 그래도 너무너무너무 아쉽다. "
"348","다만 악에서 구하소서","10",""
"349","다만 악에서 구하소서","6","전박적 스토리와 연계성은 그럭저럭 이었지만.다만. 이정재의 연기력과 캐릭터 매칭이 좋았고. 관상때처럼 포스  뿜뿜!.. 그리고 박정민의 연기력 개인정하게된 영화..개인적으로 이 영화는  박정민에 의한 박정민을 위한 영화 ..박정민이 어떤 역할인지 알고 보면 잼 없을듯.. 극장앞에서 브루스윌리스가 귀신이래~를 듣고 식스센스 보는 느낌이랄까? "
"350","다만 악에서 구하소서","9","청불이 아닌게 아쉽다. "
"351","반도","10","기대하고 보면 재미없고 기대하지 말고 보면 킬링 타임용으로 적절함. 너무 머라하지 마세요 재밌음 "
"352","장화홍련전","6","누명을 쒸워 죽는게 너무 이상해  해명은 없는거야 "
"353","클래식","10","인생영화..아름다운 스토리와 아름다운 음악 그리고 조승우와 손예진의 연기력. 이기우의 코믹연기도 중간중간 좋았다. 로맨틱 그자체 조인성은 그냥 비맞는 씬으로 다했음 "
"354","강철비2: 정상회담","8","남북미 현재 상황에 일본,중국까지 5개국이 처한 상황을 실제 있을법한 일의 영화적인 해석을 더해 충분히 공감할수 있는 내용이었음.. 뭐 국뽕영화라고 하는데 국뽕보다는 현재 대한민국이 처한 상황을 직설적으로 늘어놨다도 보는것이... "
"355","강철비2: 정상회담","10","억지스런 유머코드가 좀 거슬리긴 했지만 끝나고 나오면서 많은 생각을 하게함.메세지도 뚜렷. 재미있었음.마스크쓰고 간만에 볼 가치있었음. "
"356","다만 악에서 구하소서","7","연기+액션+영상미는 정말 좋았지만 갑자기 억지감동 모먼트에 흐름깨지고 개연성도 잘.. "
"357","강철비2: 정상회담","8","난 나름 기대 안하고 밨다가 재밋게 보고 왔습니다. "
"358","다만 악에서 구하소서","10","재밌습니다 최근에나온 한국영화중 최고인듯 >3< "
"359","강철비2: 정상회담","4","편보다 무지 재미없음 "
"360","다만 악에서 구하소서","8","진짜 연기력이 다 했다 인력낭비 느낌 약간있지만 연기력 와 황정민, 이정재는 두말하면 입아픈데 빅정민 배우가 진심 연기 잘하는줄은 원래 알았지만 더더더더 놀람 스토리가 약간 뻔하고 노잼이지만 보라고 추천은 해주고싶은 영화 "
"361","강철비2: 정상회담","9","아이고 선동의 대가들 아니시랄까봐 선동들 열심히 하고 계시구나 영상미는 잠수함씬은한국영화 역대급이었는데 "
"362","푸시","6",""
"363","다만 악에서 구하소서","10","역시 황정민과 이정재 연기 합은 최고입니다. feat. 박정민 연기는 최고입니다. "
"364","다만 악에서 구하소서","10","황정민 액션장인 잼나다봐라 "
"365","베이비 데이 아웃","8","나보다 엄마가 더 좋아하던 영화 아기가 너무 귀엽다 "
"366","강철비2: 정상회담","8",""
"367","#살아있다","8","일단 유아인 연기 땜에 8점이에여..그리고 여자분 연기도 짱이고 마지막에 헬기 너무 띠용 이지만 너무 대충 빨리 넘어가는 느낌이였어여..그래도 재밌게는 봤어여!!..11000원이라는게 조금 아깝지만여ㅜㅎㅎ "
"368","반도","10","배우님들..연기 레전드에요ㅠㅠㅠ 그리고 저 평점 첨 남겨보는데 연기 진짜 대박이고 슬프고 무섭고 진짜 무서웠아유ㅠㅠㅠ글고 재밌었어요ㅜㅜ "
"369","다만 악에서 구하소서","4","개인적으론,,, 재미는 없고,,,, 연기력은 좋은,,,뭐 그냥 저냥 그런 영화 "
"370","다만 악에서 구하소서","10","최근에 본 영화중 최고인듯 "
"371","다만 악에서 구하소서","6","꽤나 잔인하던데 15세라니... 아이가 나오는 장면은 내내 불편했어요ㅠㅠ 너무 감정 이입이 됐나봐요 ㅠ 애기 트라우마 어쩔... 그리고 트젠은 무슨 죄... 결국 아이의 엄마도 되고 아빠도 되는 건가요..? 흑흑 너무 사이다가 없어서 별점 낮게 줌 ㅠㅠ "
"372","반도","5","연상호 '염력' + 강동원 '인랑' "
"373","다만 악에서 구하소서","10","스토리가 좀 개연성이 떨어지나 최근 본 한국작품중 제일 지루하지 않았어요~~~~킬링타임용으로 추천~! "
"374","타이타닉 2","1",".22를 위하여 이 글을 남깁니다 "
"375","다만 악에서 구하소서","6","0년만에 개봉한 짭저씨를 보는 느낌 "
"376","강철비2: 정상회담","7","바다 속에서 마주한 한반도 정세 "
"377","다만 악에서 구하소서","6","박정민씨를 다시 보게 된 영화스토리는 해바라기+아저씨(feat. 신세계) 인것 같아 몰입이 많이 되진 않았어요.뭔가 아쉬움이 많이 남는영화에요. "
"378","다만 악에서 구하소서","7","어차피 이렇게 될 줄 알았어도 재미있다. "
"379","다만 악에서 구하소서","8","재밌게 보긴 함. 액션과 연출, 빠른 속도감, 시원시원한 전개는 일품이지만 그 외의 것들은 좀 아쉬움. 극 초반 레이라는 이름 등장할 때부터 분위기 깨질 뻔 했음 + 진부한 스토리 + 주인공 둘의 결말은 깔끔하나, 그 외 인물의 스토리 매듭짓기는 애매.. "
"380","강철비2: 정상회담","10","배우들의 세심한연기  좋았어요~대통령님이 너무 잘생겼어요 "
"381","다만 악에서 구하소서","9","기도하는 심정으로 영화 보기 오랫만... 이거 애들이 보기엔 좀 잔인할텐데 ㅠㅠ "
"382","인셉션","10",""
"383","다만 악에서 구하소서","10","평론 믿지말고 보세요.  신세계 느낌도 나고 잘 만들어진 영화고 재밌습니다.    적당한 생략, 적당한 스피드..   억지 액션도 없고 캐릭터 나름 마다의 이유도 있고.. "
"384","다만 악에서 구하소서","4","진지하게... 4점짜리 영화입니다.아쉬움이 많은 영화네요.연기 잘합니다.근데... 스토리 무재미샷이 불편합니다.뻔한 스토리아마 우리늬 눈도 높아 졌을거라 생각합니다.옛날에 이렇게 만들었다면 재밌었겠지만,지금 시대에는 아닙니다. "
"385","남산의 부장들","1",""
"386","다만 악에서 구하소서","7","박정민 말투가 광희 닮음.. 요즘 나오는 영화들이 다 임팩트가 부족하네.. "
"387","정도","10","영화 보는중에 너무 닮아서 중지하고 검색하게 만든영화놀랍네요 연기도 잘하고 내용도 잘만들어지고 눈물도 나게하고잘봤어요 "
"388","빅쇼트","8",""
"389","다만 악에서 구하소서","8","미친놈과 더 미친놈의 만남 "
"390","다만 악에서 구하소서","10","지리네요 최근 본 한국영화 중에는 탑입니다. 보세요. 두번보세요. "
"391","반도","1","너무 실망햇어요 기대햇는디 "
"392","강철비2: 정상회담","8","미국 일본 중국 러시아 의한 남한과 북한의 처해진 상황을 알고있는 분들은 재미있게 볼수있는 영화다. "
"393","다만 악에서 구하소서","10","진짜 시간 순삭~재미있어요 "
"394","다만 악에서 구하소서","8","똥철네 반도보다는 훨씬 재밌네 "
"395","다만 악에서 구하소서","8","... 원스어폰어타임 인 타일랜드 보는 느낌. "
"396","킬 유어 달링","4",""
"397","강철비2: 정상회담","10","나름 잘 만듬..정말 시원스러운 영화다.. "
"398","다만 악에서 구하소서","10","기대보다존잼입니다  황정민 이정재 박정민ㅋㅋ 연기진짜최고에요 특히 이정재황정민 다시만난작품 진짜감동이에요 담작품에서도 또만나쓰면ㅜㅜ!! "
"399","다만 악에서 구하소서","10","진짜 배우들 연기 미쳤어요! 이거 진짜 명작 "
"400","나의 특별한 형제","10","영화 간단하게 보기 좋음 "
"401","다만 악에서 구하소서","10","이정재의 포스는 아무도  감당못해 "
"402","다만 악에서 구하소서","10","다들 연기도 너무 잘하시고 보는내내 긴장하면서 봤음 근데 박정민 보는 맛으로 본다 해도 과언이 아님... ㅋㅋ "
"403","다만 악에서 구하소서","10","꼭보세요 신세계 이후 괜찮은 영화가 나왔네여 "
"404","다만 악에서 구하소서","2","반도에 이어서 안봐도 될 영화네요..나름 믿고보는 배우들이었는데..어쩜 연기조차도 엉망인지..이정재의 목소리깐 어설픔과 박정민의 게이역은 재롱잔치수준- -; 개연성 제로의 서사까지..코로나 이후 한국영화의 질적인 저하가 심각한듯.. "
"405","다만 악에서 구하소서","6","개인적으로 주인공인 황정민에게 감정이입이 되지 않고 이정재에게 이입 됨. 그리고 9살짜리 아이가... 생존력은 높은데 왜 저항 한 번 안 하는지.. "
"406","다만 악에서 구하소서","10","좀처럼 집중못하고 몰입못하는 제가 2시간 순삭 당했습니다. "
"407","다만 악에서 구하소서","3","음.. 솔직히 스토리가 빈약하고 나오는 사람은 죄다 죽기만 했어요. 잔인한 걸 잘 못봐서 그런지 별로였습니다. 제가 원래 캐릭터의 서사를 중요시 여겨서 그런지... 배우들 믿고 봤는데... "
"408","반도","8","기대안하고 봤는데 재미있게 잘봤어요. 약간의 옥에 티라면 4년동안 방치된 차량이 방전되었을텐데 충격으로 경보알람이 울린것은 거슬렸어요. 그래도 재미있다고 추천할만합니다. "
"409","익스트랙션","8","액션은 진짜 쩔더라근데 스토리는 내가 짜도 이것보단 잘 짤듯 "
"410","강철비2: 정상회담","2","썩을 내용 후회합니다 보지마세요 "
"411","강철비2: 정상회담","2","북한에대한 미화가 오질라게 들어간 영화 "
"412","다만 악에서 구하소서","1","안기정이 재미있다 했는데 보다가 잠 "
"413","어쩌다 로맨스","2","너무 오글거리고 뻔한 전개 ㅜ 지루합니다 "
"414","업","10",""
"415","강철비2: 정상회담","1","정말 쪽팔리는 영화를 보았습니다.중간에 나올려다 ....대한민국 대통령을 인간적인 대통령으로 만들려다 바보로 만드는 것 같아 화가 났습니다.나라 어른의 권위도 없고 이웃나라에 대한 예의도 없고김정은만 부각시키는 북한 정권 홍보영화를 대한민국 국민이 돈주고 보다니 라는 생각이 들었습니다정말 화가 납니다. "
"416","다만 악에서 구하소서","7","네이버 평점도 영수증 들고 평점  올릴 수 있게 해야함. 9점은 아님 솔직히.. "
"417","불한당: 나쁜 놈들의 세상","10","이걸 이제야 보다니... 넘 꿀잼이네요 ㅋㅋ "
"418","다만 악에서 구하소서","10","여운이 많이 남는 영화였습니다.간만에 액션 몰입도 최고조였어요.최고!후회안해요. 꼭보세요! "
"419","강철비2: 정상회담","10","정말 재밌게 봤다 작금의 한반도 상황을 제대로 담은 잠수함 액션 캬~ 강추 "
"420","반도","8","너무  잘 보았습니다~~아이랑 봐서 폭력성은 조금 걱정 되었지만비교적 심하진 않았던것 같습니다 "
"421","다만 악에서 구하소서","10","이렇게 될지 알았자나. "
"422","다만 악에서 구하소서","7","재밌게보긴했는데 자동차 솔직히 너무방탄차 수준 아니냐? "
"423","윤희에게","10","추신. 나도 니 꿈을 꿔. "
"424","다만 악에서 구하소서","10","올해 내가 본 영화중에 이게 제일 재밌었음. 황정민 연기 너무 잘해서 감정이입 오졌음 "
"425","트루스 오어 데어","9","이영화 블룸하우스 제작이였네~ㅋㅋ 잼있긴한데~ 결말이 좀  별로임~ ㅋㅋㅋ "
"426","빅샤크: 매직체인지","10","너무재미있어요! 보고봐도 또 보고 싶내요. "
"427","다만 악에서 구하소서","5","시원시원한 액션을 기대했는데 피비린내랑 돈냄새만 난다 불쾌하다 "
"428","나이트 오브 컵스","10","""(초반부 나레이션) 한 때 영혼은 완벽하고 날개도 있어서 날개짓을 해 천국으로 날아오를 수 있었지. 헌데 날개를 잃고 땅에 떨어져 지상의 육신을 취했고, 이 육신 안에 살다보니 날개는 보이지도 않았어. 허나 날개의 뿌리는 여전히 있었고, 날개의 본질은 몸을 들어올리는데 있는 터. 우리가 아름다운 여인이나 남자를 볼 때 영혼은 천국에서 알던 날개의 눈부신 자태를 떠올려. 그러다 날개가 돋아나자 영혼은 날고 싶어하지만 어린 새처럼하염없이 하늘만을 바라보지.""----길잃은 인간은 방황하는 날개짓과 같이 술과 쾌락에 빠져 찬란했던 천국의 나날에 대한 기억들을 잊으려는듯 의지할 곳을 찾아 살아가게 되는 우리들의 인간상(크리스찬 베일), 여기서 바다와 진주가 말해주는 상징은 인간의 심연(깊은 내면) 속에 존재하는 진구(구원)의 열쇠를 상징하며, 현실의 꿈속에서 나를 방황케하는 모습들을 보여주지만, 세상의 고통 속에서도 끝내 인간의 본성은 잃어버렸던 날개의 기억을 되찾아, 나 자신으로서의 선택에 의해 꿈에서 깨어나 제스스로 삶에 다시금 발을 내딛는 모습으로 영화가 끝이 납니다. 인간의 욕망은 끝없이 피어오르고 그것의 대안만을 찾아다니며 채워지지도 않을 잔을 들고 나를 위안해줄 사람을 찾아 떠도는 것보다는, 지금 내가 바라보는 이 순간만을 이해하고 진정한 나로서 세상에 임하는 것만이 최선이다라는 이야기로. 허무하고 난해하기만한 영화이지만 카발라에 대한 감독의 생각들을 미학적으로 풀어내어 대중적이지 못하고, 관객과의 소통을 돕기 위한 어떠한 장치도 부족하지만, 언어로는 영상에 담아낼 수 없기에 타로카드와 같이 상징으로써 영상을 채워놓은 것이고, 객관적일 수 없는 이 이야기의 세계에 동참을 원하는 사람들에게는 침묵속에서 영상에 나타나는 여러 비유들을 매개로 하여, 내면세계로 동참할 수 있는 계기가 될 수도 있습니다. 그렇다고해서 영화 한 편을 바로 보기위하여 어떠한 학문을 공부하고, 이 영화를 다시 보려 시도한다는 것만큼 무지한 일도 없을 것입니다. "
"429","명량","5","그닥 감동적이지 못하고 CG도 자연스럽지 않고, 재밌지도 않았으므로 좋은영화로 보기 어렵네요 "
"430","다만 악에서 구하소서","3","모든 영화의 스토리가 신파에 집중되어 있음 특히 너무 의도적으로 황정민 죽이는게 참.... "
"431","다만 악에서 구하소서","1","점대 영화는 절대절대 아님. 액션은 그럭저럭 볼만하지만 스토리 뻔하고 유치함. 황정민 캐릭터 너무 진부하고 이정재 연기는 잘하지만 캐릭터와 대사들이 너무 오그라듬.. 그나마 볼만한건 박정민 트젠연기 하나..? "
"432","다만 악에서 구하소서","9","박정민 땜에 꼭 다시 보고 싶다 "
"433","욕망의 대지","9",""
"434","다만 악에서 구하소서","10","한국은 역시 스릴러지 재밌어요 "
"435","다만 악에서 구하소서","10","최고최고 개 꿀잼이였음 "
"436","다만 악에서 구하소서","10","박정민 배우 굉장합니다! 재미있게 잘 봤어요~ N차 관람까지 했습니다! 대박나세요~ "
"437","강철비2: 정상회담","6","오랜만의 영화관 나들이라 스토리와 상관없이 재밌게 봤습니다^^... "
"438","정도","10",""
"439","강철비2: 정상회담","10",""
"440","강철비2: 정상회담","6","강대국들 사이 서글픈 대한민국의 현실을 잘 그려내고자 애쓴거 같음. 초반엔 한반도 근대사가 좀 빨라서 따라가기 너무 버거웠음..재미는 뭐 중간중간.. 난 별 3.5 "
"441","다만 악에서 구하소서","10","옛날 아저씨 생각나네~  마지막은 아쉽지만...황정민,이정재 연기하나는 굿이다~  잘봤네요 "
"442","결백","10","스토리 신혜선 배종욱 신들린연기!엄지척 "
"443","강철비2: 정상회담","7","슬픈 나라를 잘 표현한것 같습니다 "
"444","나의 첫 번째 슈퍼스타","10","즐겁게 봤어요. 노래도 좋고 영상도 예뻐요.기분 좋게 볼 수 있는 영화예요. "
"445","반도","5","그냥 볼만은 할 정도네요 "
"446","에코","10","불의를 보면 못참는 성격, 그것 때문에 전과자라는 꼬리표를 달았지만 또다시 자기를 희생해서 남을 돕는.. 무모하지만 이기적인 현시대에선 멋있다. 사회약자에 대해 누군가는 관심을 가져야한다. 기대하지않은 오락영화에서 큰 깨달음을 주네요. "
"447","메이","7","캐리 삘 나는 작품. 개연성은 떨어져도 공포영화 매니아라면 볼 만함. "
"448","다만 악에서 구하소서","10","진짜 이정재보면 자꾸 지드레곤 생각났음ㅋㅋ개인적으로 재밌게봄  지루하지도 않고 "
"449","강철비2: 정상회담","4","어처구니없는스토리곽도원은 멋있었음 "
"450","교회오빠","10",""
"451","교회오빠","10",""
"452","애니멀 크래커","1","아... 너무 재미없었어요.. 같이 간 모두 ...잤어요....이건 뭔가요 ...너무해요 ... "
"453","반도","8","이것이 K-매드맥스다 Jane 이후로는 없던 일로 쳐준다 "
"454","다만 악에서 구하소서","8","연기력 미쳤다 스토리 몰입도 시간 가는줄 모르고 봄 "
"455","다만 악에서 구하소서","10","레이 등장씬부터bb 또 보고싶다 "
"456","반도","10",""
"457","가버나움","10","나보다 더 어른같은 12살 아이의, 현실을 사는 이야기. "
"458","다만 악에서 구하소서","7","진부한 클리쉐를 한국판 느와르로 소화시킨 볼만했던 액션물 한마디로 재미짐 "
"459","강철비2: 정상회담","10","1편보다도 더 재미있었어요. "
"460","반도","8","기대 안 하고 본 영화인데, 그래서 그런지 생각보단 재밌었어요. 다만 스토리와 연기력 그리고 영상미는 괜찮았는데 연출이 너무 아쉬웠고, 억지로 껴 넣은 신파도 보는데 거슬렸어요. "
"461","반도","1","하..진짜 수준개떨어지네.. "
"462","반도","2","강동원잘생겼다그외 희대의망작 "
"463","반도","5","""JANE이 우릴 구하러 올거야""                                 연감독 노린건가... 무리수 같은데... "
"464","강철비2: 정상회담","2","영화 보면서 쓴다 진짜 개 노잼이다 "
"465","강철비2: 정상회담","10",""
"466","다만 악에서 구하소서","8","액션신 리얼한 영상미 잘 그려낸듯개인적으론 황정민 배우 무거운 연기보단 베테랑이나신세계같은 가벼운듯한 액션이 더 잘 어울리는듯 "
"467","다만 악에서 구하소서","10","다시 보고 싶은 영화! 이정재 황정민 박정민의 연기력이 진심 최고였습니다 "
"468","다만 악에서 구하소서","8","배우들의 연기가 인상적이네요 볼만한 영화 입니다 "
"469","B급 며느리","2","완전 미친 며느리네요모르는 어른한테도 그렇게는 안 할 것같아요 "
"470","다만 악에서 구하소서","8","오늘봤는데 나는 왜 자꾸 아저씨가 생각나는지 ㅎㅎㅎ잘 만든 영화입니다. 시간순삭영화~추천합니다 "
"471","소리꾼","2","* 뻔한 내용~ 영화평 좀 성의있게 써라, 박푱시기는 밥은 먹고 다니냐?ㅋㅋㅋ "
"472","다만 악에서 구하소서","10",""
"473","날씨의 아이","8","도시...빌딩...여름...비...구름...싱그러운 초록색...낯선 두 사람(가출 소년과 비밀스러운 소녀)의 운명같은 만남과 사랑...역시 신카이 마코토 감독님 스타일의 정교하고 싱그러운 그림체... "
"474","미드나잇 인 파리","10",""
"475","알리타: 배틀 엔젤","6","0세이하만 보시길 추천. 12세 관람가라더니 진짜 딱 어린이용으로 제작했나 생각했음. "
"476","목소리의 형태","1","이건 뭐 재미도 없고 감동도 없고 아무것도 없고... 기분만 나쁘고... 무슨 말을 하고 싶른 건지도 모르겠고... 걍 처음부터 끝까지 나에게 똥만 줌 그리고 괴롭히는게 의외로 수위가 높아서 초반부터 기분 팍 더러워짐 그래서 뒤로 갈수록 무슨 내용이 나오든 짜증난다는 생각밖에 안 들어서 그런걸수도 잇을듯?? 아무튼 진짜 보지마라 이거 재밋다는 새끼들 다 총으로 쏴죽여버리고 싶을 정도로 짜증나고 기분나쁘고 그냥 진짜 짜증남 영화가 제발 보지마 "
"477","다만 악에서 구하소서","8","배우들연기가 대박이다  애매한스토리와개연성부족한영화를 배우들이살렸다  특히 박정민!! 최고다 "
"478","반도","10","너무 재밌었어요ㅜㅜ 다들 연기도 잘하시고 짱짱 "
"479","강철비2: 정상회담","10","해군으로서 너무 재밌게봤음 "
"480","다만 악에서 구하소서","4","한국판 익스트렉션. 하지만 익스트렉션에 비해 긴장감도 액션도 질이 떨어진다. 한국 영화 치고 괜찮은 액션이란 건 슬픈 현실. "
"481","다만 악에서 구하소서","4","한국판 익스트렉션. 하지만 익스트렉션에 비해 긴장감도 액션도 질이 떨어진다. 한국 영화 치고 괜찮은 액션이란 건 슬픈 현실. "
"482","정도","1","* 되게 유치하고 재미없네~ 가수 헨리가 중국인? 박푱시기는 밥은 먹고 다니냐?ㅋㅋㅋ "
"483","강철비2: 정상회담","6","넘 판타지느낌? 재밌긴했는데 별로 와닿지 않는 내용이네요ㅠㅠ그냥저냥 재밌었어요 "
"484","장난스런 키스","4","왕대륙 얼굴만 아니었으면 1점이다 장즈수 OOO아 "
"485","내 사랑","10","최고입니다 ㅠㅠ 꼭보세요!! "
"486","다만 악에서 구하소서","10","와..진짜 역대급영화... "
"487","모노노케 히메","10","뒤에 쫌 잔인한데 스토리 내용은 정말 감동적이에요 꼭 봐보세요! "
"488","다만 악에서 구하소서","8","쉴새없이 몰아치는 영화. "
"489","#살아있다","8","나도 극중에 장비 하나쯤은 장만해야겠다는 생각하며 영화봤어요 "
"490","다만 악에서 구하소서","6","해외 로케라 제작비 절약해야됐었나? 차라리 청불로 잔인하게 만들지..연기력은 좋은데 스토리도,연출도 헛점이 많음.총격씬 어이없드만ㅋㅋ전쟁영환줄~주인공만 피해가는 총알이란ㅎㅎ박정민은 단연 최고였다!!! "
"491","다만 악에서 구하소서","6","해외 로케라 제작비 절약해야됐었나? 차라리 청불로 잔인하게 만들지..연기력은 좋은데 스토리도,연출도 헛점이 많음.총격씬 어이없드만ㅋㅋ전쟁영환줄~주인공만 피해가는 총알이란ㅎㅎ박정민은 단연 최고였다!!! "
"492","애니멀 크래커","6","어른이  보기에는  쫌  그런데요  감동은  있네요   초딩 고학년이 보기에는  아닌거 같아요  유치원생들  추천  합니다~^^ "
"493","다만 악에서 구하소서","6","박정민 연기만 기억에 남음 스토리 액션 평범 "
"494","말모이","10","재미없었다는 사람도 있지만 그시대를 생각하며 울컥울컥했음. "
"495","다만 악에서 구하소서","5","짧은 대사,화려한 몸빵액션!말보다 주먹~지루함은 없다.단순한 스토리에 실망은 말자.원빈과 리암리슨이 본다면 어?어디서 많이 본건데?이럴 수 도?남자라면 킬링타임정도는 될것같다. "
"496","다만 악에서 구하소서","2","다만 아기를 태국에서 구하소서 "
"497","반도","1","기대가 컸던가..기대한거 2배의 실망감이..스토리 완전 부실...개연성 부실..감독이 매드맥스의 액션을 하고 싶었던듯...그러나...인랑이 되버린 주인공...연기잘하는 배우분들을 이렇게밖에 못쓰나...이래서 연출과 스토리가 중요합니다. 연기잘하는 분들도 이런 상황에서는 연기발이 안서게 찍히네요..에휴...스토리도 연기도 연출도 그냥 반쪽의 반의반. 그래서 반도...기아 모하비의 튼튼함을 강조하고 싶었던 영화아닌 광고영상이라고하는게 맞을듯.. "
"498","오만","6","iptv에 있어서 보았는데너무 뻔한 내용이길래 후반부는 어떨가 싶어서 계속 보았고결과는 역시나 너무 뻔함.결과가 너무 뻔한만큼 내용도 너무 현실적이기에보면서 남주에게 짜증이 났다.내가 모르는 아름다운 해피엔딩은 없는 것일까?여주는 이뻣고, 남주는 현실적이지 않게 훈남인게 작은 흠이다.하긴 남주마저 찐따처럼 생겼으면 다큐멘터리라고 해야하지 않을까 싶다. "
"499","다만 악에서 구하소서","10","황정민의 연기력은 말할 것도 없고 이정재는 그냥 GD, 박정민의 재발견 "
"500","다만 악에서 구하소서","9","잘봤어요 재미있어요믿고 보는 연기파 배우님들 "
"501","강철비2: 정상회담","10","이런 평점테러는 무엇!? 원작이 웹툰입니다. 다들 한연기 하구요 현실인물들에 겹쳐집니다. 내용은 꽤나 현실성 있고 현재 한국의 위치에서 곱씹어 볼만한 내용이구요. 추천합니다.평점 테러에 대응하여 좀더 얹은 점수10점... "
"502","소년시절의 너","10","진짜 미쳤음 대박 사건 역대급 개인생영화,,, 진짜 넘 몰입해서 봤어요 ㅠㅠㅠ 주인공들 연기 넘 잘해요 짱임 꼭 보세요 "
"503","강철비2: 정상회담","10","정우성 잘생겼어요~~ 미국대통령 넘 재밌었음 "
"504","다만 악에서 구하소서","9","기대하고 봤는데 첨엔 뭔 내용인가 하다가 나중엔재밌더라구요 감동적이고 눈물도 훔치고 연기도 훌륭했습니다 "
"505","헌터 킬러","10","가슴이  웅장해진다 이건 걸작이다 그다지 흥행안한것같은데 꼭 봐야할 영화 "
"506","강철비2: 정상회담","1","이따위것도 영화라고 만들어놨냐 이젠 지겹지도않나 이런영화...보다가 토악질날뻔! 반일친북영화 그만 좀 해쳐먹어라 "
"507","다만 악에서 구하소서","10","황정민 배우분이 액션할때 슬로우 모션 걸리는데 그게 너무 멋졌어요!! 갓 15세 넘어간 분들한테는 좀 잔인할지도 모르겠어요ㅠㅠ "
"508","인베이젼 2020","1","이런 쓰레기를 수입해 와서 돈 벌려고? 근래 봤던 영화중에 최악이다. 영화보다기 토나올 뻔 한 적은 살면서 처음이다 진짜. "
"509","다만 악에서 구하소서","10","아주 잼나네요최근 영화중 히트네요 "
"510","다만 악에서 구하소서","10","재밌다재밌다재밌다재 "
"511","다만 악에서 구하소서","6","약간에 지루함이 동반되지만 그래도 볼만함 "
"512","다만 악에서 구하소서","10","배우들의 연기가 돋보였어요 "
"513","출국","10","북한이랑 평화타령하는 인권팔이들 싹 묶어서 북송시켜드리고싶은 영화에요 ? "
"514","다만 악에서 구하소서","10","본시리즈가 나올때마다 열광했었는데뛰어넘는 액션영화임시원하고 깔끔해서 간만에 행봌했음이게 영화지! "
"515","다만 악에서 구하소서","2","진짜 더러운 영화임 게이 나오고더러워서 중간에나옴.그냥 연기만잘함 내용이쓰레기임 "
"516","다만 악에서 구하소서","10","<다만악> 장르가 범죄 액션영화 인데 액션만 재밌으면 된거지~굳이 여기서 개연성이랑 스토리를 왜 찾는건지??^^이해가 안된다는!! 그렇게 따져서 영화볼거면 스토리 완성도 높은 그런 영화를 찾아서 보세요 ㅎㅎㅎ 괜히 쓸때없이 평점들 낮게 주지말구요. "
"517","#살아있다","2","우선 2점을 준 이유~~^내가 딱 두번 놀라서 2점 줍니다~~아인이 옆집 산악인 집에서 1번 놀람 ㅋ이런게 좀비영화라서 2번 놀람 ㅋ좀비물이면 적어도 실감나는 연기 주변환경등등 이건 너무 현실감 제로 ㅋ우째 도끼로 찍어도 피한방울 안묻어~~ㅋ여주 좀비를 그리죽여도 옷은 새옷 깨끗 ㅋ얼굴에 피한방울 안튀김 ㅋ로프로 반대편 한번 밀어서 건너감 대박 ㅋ 마지막이 관건 헬기에서 총으로 난사 죽은 좀비 바닥에 거이 없음 ㅋ 걍 보지마세요. 진라면 너구리 짜파구리 석수만 기억에 남는 영화 ㅋ "
"518","다만 악에서 구하소서","10","정말 연기력 인정 짱~!!!! "
"519","다만 악에서 구하소서","10",""
"520","타이타닉","10",""
"521","강철비2: 정상회담","8","평화통일이 뭐길래 ㅠㅠ "
"522","다만 악에서 구하소서","10","이정재와 황정민의 연기 액션에 몰입감 최고입니다.스토리 살짝 빈약한게 아쉽네요 ㅠㅠㅠ "
"523","반도","10","다들 재미없다길래 봤는데 전 진심 배우분들 연기 잘 하고 내용도 좋던데요..? 아 강동원님 너무 멋져요..ㅜㅜ "
"524","강철비2: 정상회담","10","연기파들이 많고, 북한측 인사 설정이 딱 맘에 드네요 "
"525","조커","8","주인공의 연기가 살아있다. 메세지가 있는 영화다. "
"526","다만 악에서 구하소서","9","라이트하게보면 10점 ㅎㅎ딥하게보면 9점 ㅎㅎ 러닝타임때문 "
"527","빅샤크3: 젤리몬스터 대소동","1","제목이 빅샤크인데 상어한번나옴 상어 별짓안함 "
"528","감쪽같은 그녀","9","진부한이야기 어색한사투리근데 난 펑펑울며 봤다ㅠ아 괜히봐서  눈땡땡붓고 너무 울어 머리가아프다ㅠ 아역중 사투리연기는 우람이가 짱 "
"529","다만 악에서 구하소서","5","스토리예상하고 보면 100%그 스토리연기는 최고 "
"530","다만 악에서 구하소서","6","액션물과 배우분들을 좋아해서 봤는데요.. 15세 치고 좀 많이 잔인했던 것 같아요 좀 리얼하게 베고 자르고 하는 장면이 많아서 중간중간 눈감고 봤네요. 그거 빼곤 액션씬 좋았어요. 그리고 스토리가 약간? 좀 빈약한 것도 좀 있네요. 아 배우분들 연기 다 잘하시는데 특히 박정민님이 제일 인상깊었네요. "
"531","다만 악에서 구하소서","6","액션씬은 좋았지만 스토리가 뻔하디 뻔함 "
"532","강철비2: 정상회담","1","판타지 영화 잘봤습니다. "
"533","트루스 오어 데어","8","OCN에서 방영해주길래 생각없이 보기 시작했는데 흡입력에 놀랬다. 정말 집중해서 빠져들게 만드는 신박한 스토리. 결말도 허무한 해피엔딩일 줄 알았는데 의외의 결말이라서 놀람. 미국스러운 공포영화- 나는 네가 지난 여름에 한일을 알고 있다 또는 데스티네이션 과 비슷한 느낌! "
"534","드래곤볼 Z : 부활의 F","1","작붕도 심하고 연출도 허접하고 설정도 마구파괴 기존 올드팬 바보만든 애니메이션. 역대 극장판중 가장 화질은 좋지만 가장 작화는 허접함. 전투씬은 거의 실망의 연속이네. "
"535","강철비2: 정상회담","10",""
"536","강철비2: 정상회담","6","실제 있었으면 하는 바램이 있는 영화였지만 그닥 눈길을 끌지는 못하네요~ 임팩트가 약간 부족.... "
"537","다만 악에서 구하소서","10","액션씬은 어떤영화보다 뒤쳐지지않았고 연기또한 최고임.. "
"538","다만 악에서 구하소서","10","최강얙션.최강연기.스토리는 단순하지만 역시.. "
"539","엑시트","10","손에땀을쥐고봤읍니다. "
"540","다만 악에서 구하소서","2",""
"541","먼 훗날 우리","10","두 사람이 헤어진 것 보다 서로만 바라봤던 순수함을 잃게 만든 현실이 안타까웠다. 징첸이 변해가는 모습과 원인들을 실제 겪고 있을 사람이 생각보다 현실에 많을거고 나도 같은 감정을 경험한적이 있는 것 같아서 보는 내내 눈물이 멈추지 않았다. 연기 연출 스토리 삼박자가 너무 좋은 명작이지만 거기서 오는 과몰입에 너무 힘들어서 다신 못볼 것 같은 영화. "
"542","글래스 죠","2","스토리 자체는 괜찮았던거 같은데 스토리 안에 내용이 전반적으로 부실함. 너무 많은걸 담으려고 했던게 실수임. 전개속도가 6g수준으로 흘러감. "
"543","다만 악에서 구하소서","8","역시 두배우의 연기는 두말하면 잔소리!근데 이거 휴먼영화임? 엄청 울었음...ㅜㅜ기대이상! "
"544","지푸라기라도 잡고 싶은 짐승들","2","영화 발로 만들었냐? ㅋㅋㅋ 진짜  개 노잼 "
"545","크롤","7","엑스텐션 P2 힐스아이 피라냐의 감독. 믿고 보는데 아직 여전했다. 여주가 아빠 발견하고 바로 911 전화했으면 이 사단까지는 안났을텐데 아쉽고, 악어들이 카야 한테만 살짝 무는 것도 개연성이 떨어지지만, 그래도 영화 전체적으로 긴장감 좋았다 "
"546","서울역","6","연상호식 메세지 "
"547","다만 악에서 구하소서","10","일단 지드레곤 닮은(?)이정재씨가 넘 멋있어요. ㅋㅋ황정민씨도 인터넷에 뜬 어릴적 사진을 보고 보니 넘 잘생기고 멋있다라는 생각이 들더라구요. 박정민씨는 그 역할이 넘 잘 소화하셔서... 감탄이 나오더라구요. ‘그것만이 내 세상’ 영화보고 정말 대단하다 생각했는데... 역시b전... 개인적으로 스토리도 좋았어요. 의미도 있었고요. 영화 ‘테이큰’ 이 생각나긴 했지만... 그래서 더 좋았어요. 비교도 되고... 부성애에 대해서도 생각하게 되고. 처음 시작할때의 의미는 망각되고 목표만을 향해서 폭주하는 레이는 마치 성과주의적인 세태를 보여 주는 것 같았고요. 결국 두 종류의 악은 자멸하고 순수한 아이와 선의의 행동을 한 비주류인 사람이 낙원을 누리게 되는...다만 개인적으론 박명훈씨의 연기가 좀 어색하게 느껴지긴 했어요. 재밌었어요~ "
"548","터미네이터: 미래전쟁의 시작","5","이상하게 한국에서만 수작이라고 평가받는 망작 재평가를 해서 조금 좋아졌지 망작인건 다름없다 "
"549","다만 악에서 구하소서","10","심장이쫄깃~~! 수출해도 흥행할거같아요 왠만한 헐리우드액션영화보다 훨씬잼있어요 "
"550","다만 악에서 구하소서","6","음.... 지금볼영화중엔 젤나은듯 근데 평점9점대는 절대아니고 한 7.5정도 영화 보면앎 "
"551","고백","10","세상 아이러니한게 악을 악으로 갚아선 안된다면서 그 악의 장본인들의 교화를 위해 돈들여 시설짓고 먹이고 재우고. . 그리곤 증거 불충분. ..마지막 대사처럼 모든 복수를 장난이라고 치부해야 할 정도로 현실에선 일어날 수 없는. . 해서는 안될 또다른 악으로 평가되고. . 분노하다가도 슬퍼지는 영화였다. "
"552","유열의 음악앨범","10","김고은님과 정해인님의 연기가 정말 최고였습니다! "
"553","다만 악에서 구하소서","6","익스트렉션 생각이 자꾸나고.... 넷플릭스 영화가 더 잼나고.... 이정재님은 자꾸 총알이 두개가 박혔다는 톤으로 얘기하시니 웃음만 ㅜ.ㅜ그냥 그래요 "
"554","이터널 선샤인","10","예전엔 지루해서 보다가 잠들었는데.. 다시 보니 정말 명작이다. 밑바닥까지 다 보이고 상처 준 사람일지라도 한때는 너무 아름다웠기에.. 그 기억까지 잊어야 한다는 건 너무 잔인한 일이다. "
"555","다만 악에서 구하소서","10","액션을 위한 영화네요 굿굿 "
"556","팬데믹","2","아오재미없어!진짜 진짜 할말을 잃게 만드는 영화 내머릿속이 팬데믹왔다. "
"557","살인의 추억","10",""
"558","열혈형사","10","재미있네요. 화이팅!!! "
"559","다만 악에서 구하소서","10","오랜만에 제대로 된 영화나온듯!! 강추! "
"560","다만 악에서 구하소서","8","신세계를 상상하고 보면 안됨.. 그냥 보면 상당히 잘만든 영화.. 스토리가 진부하지만 연기력으로 덮음.. 신세계는 황정민이라면.. 이 영화는 이정재다.. 박정민 왤캐 잘어울리냐... "
"561","다만 악에서 구하소서","10","온갖 악이 혼재되어 있어요. "
"562","다만 악에서 구하소서","10","이번에 개봉한 영화중에 제일 재미있었음,스토리는 약간 뻔한데 긴장감있고 배우들이 연기도 너무 잘해서 흥미진진했음 특히 이정재 배우님 역할이 정말 찰떡 같아서 너무 멋있었음 "
"563","다만 악에서 구하소서","7","전체적인 스토리에서 테이큰의 향기가 "
"564","엔더스 게임","6","우리가 흔히 말하는 사람 죽여놓고 미안하다면 다야? 인 영화 "
"565","변산","10",""
"566","다만 악에서 구하소서","9","이정재는 마치 빅뱅 지디보는줄..박정민 연기 압권 "
"567","피아니스트","10","일제강점기 영화보는것보다 더 불편했어요내가 과몰입한건지 영화를 잘 만든건지...아무튼 최고ㅠ "
"568","강철비2: 정상회담","8","국뽕은 생각보다 심하지 않았고, 약간 의아한 웃음코드 연출이 있었습니다만, 잠수함 액션 하나만으로 만족스러운 영화였습니다. "
"569","다만 악에서 구하소서","6","배우님들이 이 영화를 살린거같아요 연기에 감탄하고 스토리에 실망 했어요 ~스토리가 조금 알차면 더 재밌지 않을까 싶네요 요즘 나오는 영화들이 재미없어서 너무 기대한 탓일까요 "
"570","다만 악에서 구하소서","10","이정재 연기력 다시봤음 "
"571","헌터 킬러","10","개꿀잼 우리나라가 이렇게 영화를 만들었다면천만은 걍 넘었을듯 극장에서 못본게 안타까울뿐 "
"572","다만 악에서 구하소서","1","황정민 이정재 연기 잘하는건 다 아는 사실이고 영화에 대한 평점이나 똑바로 남기시길 어디서 본 장면 복붙에 클라셰 우려먹기 지겹다 지겨워 "
"573","강철비2: 정상회담","1","고등학교 나와~~~~ "
"574","반도","8","왜?? 저는 재밌게 봤어요~~~~ 평점 7~8정도 맞는듯. 부산행 반도 못따가 간다고해서 반도라는데 저는 잘 즐기고 봤습니다. 스토리도 뭐~ 괜찮았어요 "
"575","다만 악에서 구하소서","8","스토리는 1차원 적인데 살아있는 캐릭터들과 영화배경을 해외에 둔점이 신선하고 재밌게 느껴졌다. 특히 촬영감독님 열일하심 최고 "
"576","다만 악에서 구하소서","2","노잼.. 보다가 잔 영화는 처음 "
"577","강철비2: 정상회담","2","한마디로 dog판돈주고 보면 시간이 아깝습니다잠수함싼만 다소 만족기대히시면  실망이 커요~ "
"578","반도","9","개인적으로는 재미있었음. 스토리도 나쁘지 않음. 좀 아쉬운 점이 있다면 레이싱을 너무 오래 끌고 간 것 정도? 그래도 재미있었다 연기도 하드캐리하고. "
"579","미스 포터","10","그림이랑 배경이 넘 이뻐서 힐링되는 영화네요. 보는 내내 마음이 참 좋았습니다. "
"580","여군 외출","8","한국 80년대판 미연시 같은 느낌 "
"581","다만 악에서 구하소서","8","황정민은 황정민답게 연기했고이정재는 잘생겼고 박정민은.... 형 사랑해요(덜렁) "
"582","다만 악에서 구하소서","6","비싼 조미료 덜익은 요리 "
"583","다만 악에서 구하소서","10","무난한 스토리 황정민은 역시 황정민.이정재와 박정민의 새로운 면모를 발견. 황정재...그들은 그저 빛.... "
"584","장난스런 키스","5",""
"585","다만 악에서 구하소서","10","너무 재밌게 봤습니다. 박정민 배우님의 팔색조 연기도 넘 좋았어요ㅎㅎ어쩜 다리가 나보다 더 이뻐ㅋㅋ "
"586","반도","8","..부릉부릉..질주본능 "
"587","다만 악에서 구하소서","10","최고 꼭 보시길 우리나라 영화 발전 많이 했다 "
"588","반도","10","진짜 재밌어요 ㅠㅠ 팝콘 먹으면서 영화관에서 재밌게봤네요 "
"589","걸캅스","10",""
"590","다만 악에서 구하소서","10","휴가중이라 개봉일 당일날 오전에 보러갔었는데 완전 꿀잼~ 배우들의 연기력과 영상미에 감동받았습니다 ^^ "
"591","다만 악에서 구하소서","9","짜증나는 여름 시원했네요 "
"592","캐리비안의 해적: 죽은 자는 말이 없다","10",""
"593","강철비2: 정상회담","1","진짜 내인생 최악의 영화 공산주의자가 아니고서는 진짜 재밌게 볼수가없다. 개연성도 없고 연기도 쓰레기고 그냥 최악 "
"594","다만 악에서 구하소서","10","배우들의 연기가 넘 멋지다.특히 황배우.다른배우도 두말필요 없음메다 "
"595","다만 악에서 구하소서","10","초큼 잔인한부분?들도 있어서 무서웠지만(시각보단 청각이 엄청 시끌)ㅋㅋ 적당히 긴장감있고 보는내내 어떡해 하는 감정을 쫄깃하게 만들었던 영화스토리 구성이나 개연성도 괜찮았던것같고. 액션신도 허술한 부분 없이 잘만든거 같았어용, 뭣보다 나오는 주조연 배우들 연기가 아주 굿굿. 재밋게본 액션영화중 하나로 남을거같아요 "
"596","다만 악에서 구하소서","8","명불허전 황정민 ..이정재는 무섭다 진짜 저런사람이 있을까싶기도 하다있겠지.. 재미있게 봤음 "
"597","다만 악에서 구하소서","9","박정민이란 배우에 팬이되어버린.. 기대없이 봤는데 엄청 몰입해서 봤어요^^ "
"598","화이 : 괴물을 삼킨 아이","8","대배우들의 모임 ..슬의생 유연석부터 쀼세계 박해준까지 주연급 배우 모음집 이라 젊은 훈남 준영이 아빠 를 볼수 있다17살의 나이와 관계없는 여진구의 풋풋한듯 하지만 농익은 연기를 볼수 있다. 연출이 많이 아쉽네요 너무 모든 배우님들 기가 세셔서 그러셨나. 전체적으론 평점 7.3점이 딱 맞음. "
"599","그 시절, 우리가 좋아했던 소녀","10","제일 잘 만든 첫사랑 영화 "
"600","다만 악에서 구하소서","10","생각보다 기대보다 충분히 재밌다. "
"601","강철비2: 정상회담","1","참! 어이없음~~이제껏 보았던 최악의 영화 어떻게 억지로 꿰맞춰도 이런 억지가 있을까 감독 머리속엔 오로지 문씨에게 충성  북괴  살찐돼지에게 충성~ 틀린 얘긴 아니죠 "
"602","애니멀 크래커","10","아이와 같이 봤는데아이가 너무 신나고 즐거워 했습니다극장의 볼륨이 조금커서 귀는 조금 부담되었습니다 "
"603","강철비2: 정상회담","10","진짜 기대하구 본 영화중에 젤루 실망한 영화... "
"604","강철비2: 정상회담","5","억지전개..초반만 보더라도 예측 가능한 스토리. 태풍같은 기상이변은 너무 식상한게 아닌지...그리고 반란으로 남 북 미 셋이 잠수함에 납치 된다고...? 이렇게 진행 할거면 구출은 아이언맨한테 부탁합시다. "
"605","반도","2","재미도 감동도 무!CG의 향연... "
"606","강철비2: 정상회담","1","이런거 돈내고보는 저능아들 없지? "
"607","딥워터","7","보는데 딱히 불편함 없었다, 1시간 20분이라는 요즘 영화치곤 짧은 런타임이였지만 무엇을 보여주고 하는지 간결하게 보였고, 긴장감도 있었다. "
"608","다만 악에서 구하소서","9","배우들이 다 한거같아요.연기 최고~ 결말이 좀..이걸 기뻐해야할지 슬퍼해야할지;; "
"609","강철비2: 정상회담","10","대사나 스토리가 진짜 와..남들은 그냥 웃고 넘길 수도 있는 부분들이 진짜 소름돋게 기가막히게 만들었다. 허튼 대사나 설정이 없는 것 같다. "
"610","강철비2: 정상회담","9","독도에 대한 독도에 의한 충분히 생각할 만한 이야기 "
"611","다만 악에서 구하소서","1","스토리 : 0개연성 : 0현실성 : 0액션 : 0.2연기 : 0.8정말 재미있는 영화는 사족이 필요없습니다. 다만악의 영화평들을 보면 액션이 좋내, 촬영이 끝내주내, 배우들 연기가 죽이내 등등 다시말해 그것 말고는 볼것이 없다는 뜻이기도 합니다.전 영화 보다가 중간에 나갈까? 하는 생각을 할정도의 영화 였습니다.그나마 너무나 잘하는 연기자들을 보며 안타까운 생각까지 들었습니다.스토리는 너무나 뻔하고, 개연성 이라고는 1도 없으며, 촬영과 액션에 많은 신경을 쓴것이 느껴지기는 하지만 스토리와 개연성이 없는 액션에 1도 몰입할수 없었으며, 거기에 신파까지...이 영화를 극찬하는 분들을 보면서 감상평을 꼭써야 겠다고 생각했습니다.시원한 진짜 액션 영화를 원하신다면, 넷플X스 의 익스트랙션 을 추천합니다. "
"612","다만 악에서 구하소서","10","올해 영화중 제일 집중하느라 화장실도 못가게 만든 그런 영화 ^^ "
"613","다만 악에서 구하소서","2","겁나 기대하고 봤다가 빈약한 빈스토리에 졸다나옴여자들은 멋있다고 난리.. 남자인 내가 볼땐 배우빨로 스토리를 커버함. "
"614","다만 악에서 구하소서","10","액션 카메라가 뭔가 색다름 개꿀잼 시간 없어짐 "
"615","다만 악에서 구하소서","10","크...이런게 바로 액션이지. 강추입니다. "
"616","하울의 움직이는 성","10","성우가 일본 한국 둘다 너무좋았음 "
"617","하울의 움직이는 성","10","성우가 일본 한국 둘다 너무좋았음 "
"618","다만 악에서 구하소서","10","생각하지도 못한 박정민.. 그녀가 이 영화의 키다. "
"619","다만 악에서 구하소서","8","재미있음 "
"620","강철비2: 정상회담","1","이것도 영화라고 만드냐 "
"621","브레이킹 던 part1","10",""
"622","다만 악에서 구하소서","8","내용은 흔하고 단순하다. 몇몇 설정과 개연성은 좀 망가지기도 한다. 대신 액션이 멋지다. 내용을 복잡하게 꼬는 대신 멋진 액션 한 장면 더 넣고, 칼에 찔리고도 쓰러지는 대신 훨훨 날아다니며 멋진 액션 한 번 더 보여주는 그런 영화다. 15세 관람가라는 게 아쉽다. "
"623","다만 악에서 구하소서","10","수류탄 파밍잘해야야해.. "
"624","센과 치히로의 행방불명","10",""
"625","바람이 분다","1","내 눈으로 직접 보고 생각하고자 영화를 봤다. 이 영화는 철저히 감독 자신의 주관과 이야기에 관한 내용이다. 그가 비행기를 동경하고 사랑한다는 이유로 호리코시 지로와 호리 타츠오에게 경의까지 표해야 했었나 싶다. 반전과 반제국주의의 메세지는 이 영화속에서 부차적이어서 마치 감초와 같은 역할에 가깝다. 결국 호리코시 지로의 이야기가 주된 것이었고, 그 속에서 교훈은 얻지 못했다. 아름답고 제일가는 비행기를 만들고 싶고 그것을 열망했겠지만, 결국 그는 단순한 비행기가 아닌 전투기를 만들어 냈고, 일제의 수요를 충족시켰다. 하늘을 나는 것 자체보다 가장 빠르고, 강력하고, 가볍게 나는 것이 중요했으리라. 자신의 꿈과 목표를 좇아 결과물을 낸 것은 지로와 설계자들 개개인의 업일뿐, 관객이 그것들을 대단히 여기거나 감동받거나 공감할 필요가 전혀 없다는 것을 명심해야 한다. 영화가 다루는 관동대지진이나 1910년대 부터의 일제의 생활상을 보며, 일제에 짓밟혀 혹독하고 비참한 삶을 살아가고 있었을 우리나라 민족이 떠올라 어쩔 수 없이 불편하고 원망스러웠다. 자칭 힘들고 가난했던 당시의 일제는 이미 한국의 피를 빨아먹고 있었다. 그들은 모든 화와 역경을 한민족에게 퍼부었다. 이것이 매번 그들이 비판을 피할 수 없는 이유이다. 정당한 비판이고 사실이지 그들이 주장하는 가짜 평화를 깨뜨리는 일이 아니다.  어떤 이야기를 펼친 것인지는 알겠다. 그러나 공감을 바래선 안 된다. 자신의 꿈의 결과가 무수한 타인의 희생과 피해를 초래한다면, 그 꿈은 그 자체로도 고결하다 하기 힘들 것이며, 영원한 속죄와 고뇌의 굴레에서 벗어날 수 없을 것이다. 겉보기엔 찬란하게 아름답고 애절하지만, 사실 지독스럽게 이기적이고 속이 문드러지는 영화였다. 감히 그의 비유와 선택이 실망스럽게도 틀렸다고 평하겠다. "
"626","강철비2: 정상회담","1","재미있다고 하시는분들 알바인가....초반에 너무 지루하고 CG는 허접하고 스토리 긴장감 1도 없어요 "
"627","다만 악에서 구하소서","10","정말 최고 입니다 요즘같은때 스트레스 풀렸어요 박정민 너무 찰떡같은 연기 재밌어요 "
"628","다만 악에서 구하소서","8","이정재 섹시 매력, 황정민 개멋, 박정민 굿내용은 사실 너무간단 이것만 빼면 볼거리는많음 "
"629","강철비2: 정상회담","2","실망이 너무 큼 액션인줄 알았는ㄷ코미디물이네 "
"630","다만 악에서 구하소서","5","이정재는 악역을 소화하기에 목소리가 부드럽고, 황정민은 신세계의 카리스마가 1도 안보인다. 대신 박정민의 연기는 참신했다. "
"631","킬 유어 달링","1",""
"632","#살아있다","10","에 걸려야지 대학와서도 저모양이면 어떡하냐 "
"633","강철비2: 정상회담","2","모든게 감동적이고 진짜 재밌었습니다 "
"634","다만 악에서 구하소서","2","별한개도 아까운 영화... "
"635","극비수사","10","개인적인 성향인가... 개봉첫날 조조로 내가좋아하는 두배우님 출연작이라 너무 오랜만에 신나는 마음으로 극장나들이 ... 근데...아저씨 신세계 아수라 3가지를 믹스해놓은 영화개봉첫날 봤는데 도대체 평점이 왜높은건지..스토리 없고 말로만 잔인하고감독이나 시나리오 작가보다 두 대배우님께 실망! 연기력이 문제가 아니라 두분정도되면 시나리오보는 눈도 있을텐데 이런 영화에 출연결심을 한게 실망스뤄요 그리고 이 평점 실화인가요? 박정민배우 연기력탁월하다는 평이 있던데 어떤부분이었는지 지금도 전혀모르겠네요  하아 ㅜㅜ감상포인트는 추천할게없어서 ost 클릭했으니 참고하세요 "
"636","강철비2: 정상회담","1","실화영화는 무조건 100점요 "
"637","다만 악에서 구하소서","10",""
"638","봉오동 전투","10","시간 순삭입니다연기 좋았어요 "
"639","반도","10","도대체 이 영화를 왜 이제야 봤는지 후회된다.그동안 오열하는 장면에서만 울어봤지 봉오동에서 모든 독립군들이 모일 때..황해철이 어제까지 농사짓던 사람이 오늘은 독립군이 될 수 있다고 말 할 때... 총 쏠 때.. 눈물이 났다.. 진짜 보는데 비참하고 화나고 슬퍼서 소름이 돋았고..그리고 혼자 영화 보는 내내 쌍욕을 얼마나 했는지..하하 "
"640","반도","8","완~~전 재밌어요 또 보고싶 "
"641","다만 악에서 구하소서","4","너무도뻔한뻔해도뻔한 스토리에 이정재님의 이해못할 집착과 불사의 연출에 긴장감은 갈수록 떨어짐. 원가 천원짜리빵에 십만원짜리 포장지를 씌운듯한 영화. 개인적인 견해로 황정민은 어울리지않는 역같았음. "
"642","야수와 미녀","10","진짜진짜 아직도 좋아하는 영화ㅠㅠ너무 너무 걸작이었음 "
"643","다만 악에서 구하소서","8","이정재 - 칼 들고 설칠 때 눈빛이 레알 미친놈 같아서 ㅎㄷㄷ / 황정민 - 내가 애 아빠라도 저럴 수 있으려나? 감정 이입됨 / 박정민 - 꼬나보는 눈빛과 뒷태에 빵터짐 "
"644","다만 악에서 구하소서","3","개연성없는 스토리로 ㅜㅠ 킬링타임용이라고 하기엔 배우들이 아까움ㅜㅠ "
"645","스나이퍼: 암살자의 최후","8","레이디데스의 포스가 엄청남 우리나라에도 저런 여자킬러 배우가 나온다면 좋을텐데요 "
"646","강철비2: 정상회담","10","보면 볼수록 놀라는 출연진들! 눈과 귀가 즐거운 영화였습니다~ "
"647","반도","7","부산행처럼 좀비에 비중이 있는것보다는 뭔가 분노의질주 느낌이..부산행과는 방향성이랄까 좀 많이 다르니 참고하세요~ "
"648","테이킹 라이브즈","7","스토리 자체는 그냥 딱 10여년 전의 전형적인 반전물...나에게는 반전이 없었다. 마지막에도 가짜인건 진작 알았고 심지어 배 안에 여분의 총을 가지고 있으리라 생각했다 ㅋㅋㅋ 하지만 호크와 졸리가 너무 훈훈해서 7점. 특히 졸리는 진짜 너무 이뻤다... "
"649","다만 악에서 구하소서","10","오랜만에 재미있는영화 라고해서 한껏 기대했는대 그만큼 너무 좋았던 영화! 황정민 박정민 이정재 연기는 정말 최고 그 이상 "
"650","강철비2: 정상회담","1","그저 웃음만으로... "
"651","비스트","1","영화가 참 조잡하다...그냥 스토리 하나에만 집중했으면 B급 수준은 됐을 거 같은데 "
"652","다만 악에서 구하소서","10","액션신들 영상이 진짜 미쳤더라ㅋㅋ 이게 우리나라 영화라니ㅋㅋㅋ "
"653","온워드: 단 하루의 기적","9","성인이 봐도 참 괜찮은 영화인것 같아요. 오빠랑 크게 싸웠었는데 오빠 생각도 나는 그런 영화였네요. "
"654","강철비2: 정상회담","9","평점 낮은건 일베토착왜구라고 보면됨. "
"655","임포스터","9","영화 결말 반전이 아주 뛰어나네요. 군인들 소품은 스타쉽트루퍼스에서 쓰던 소품 그대로 썼네. "
"656","강철비2: 정상회담","10","우리나라 토왜구들이 이 영화를 싫오한다고해서 왔습니다 달려왔네요 반일조장 영화라평점을 테러중인 토왜구분들..저쪽나라는맨날 24시간 혐한을 달고 사는데 우리는 왜반일이 안되죠? 왜 쉴드를 쳐주나요? 진짜 궁금하네요 "
"657","다만 악에서 구하소서","10","황정민과 이정재의 눈빛을 잊을 수가 없네요 "
"658","다만 악에서 구하소서","10","전체적으로 로우하고 무거운 분위기지만 박정민이 중간중간 지루하지않게 띄워줘서 지루하지않게 흘러감 "
"659","시크릿 레터","8","보는 내내 내가 감정적으로 벅차져서 보다 말다 보다말다 했어요..너무 사랑했던 사람과 헤어지고 난 뒤 그와 갔던 장소, 그와 나눠 먹던 과자껍질만 보아도 무너지는데..새로운 추억 거리를 또 남겨주다니..나에겐 너무 가혹한 스토리라 끝까지는 못봤습니다. "
"660","다만 악에서 구하소서","10","액션씬도 너무 스릴있고 아저씨 테이큰을 보는 느낌? 존잼이였다 "
"661","다만 악에서 구하소서","8","킬링타임으로 볼만함 배우빨도 있음 "
"662","다만 악에서 구하소서","4","빨리 통역하라고 우쒸~~~ 무슨 킬러가 이렇게 말투가 경박스럽냐. 황정민하고 저 역할은 솔직히 너무 안어울린다. 이정재는 정말 인정한다 "
"663","다만 악에서 구하소서","10","황정민 이정재 박정민.. 최고!! "
"664","다만 악에서 구하소서","10",""
"665","침입자","6","배우들이 연기도 잘하고 초반에 긴장감때문에 흥미진진하게 봤는데, 중후반부터는 긴장감이 팍 풀리고 이게 무슨 내용인가싶었네요 "
"666","강철비2: 정상회담","2","뭔내용인지 둘다 잣다모텔보다편히잣다 "
"667","다만 악에서 구하소서","2","내용이 두서없이 흘러가면서 뭘 표현하려 한 건지는 알겠는데 너무 어설프고 영화 연출도 구림. 그리고 이정재랑 황정민은 불사신이냐? 칼빵을 얼마나 쳐 맞았는데 다른 엑스트라는 한방에도 다 죽던데 얘네는 무슨 수류탄이 터져도 안죽음?? "
"668","다만 악에서 구하소서","10","박정민 연기..,와 감탄  진짜 난 박정민 배우 다시봤음... "
"669","치즈인더트랩","1","뒤늦게 드라마보고 너무 앓이중에 영화로도 나온거 알고 봤는데 드라마가 10000배 좋네요 2020년8월 "
"670","강철비2: 정상회담","10","너무 재미있었고 정말 영화처럼 통일이 됬으면 하는 바람입니다 "
"671","다만 악에서 구하소서","10","연기, 영상미, 이정재 간지에 지림..아이가 있는사람이라면 더 공감할수있을것..무조건적인라는 것을.. "
"672","클레멘타인","10","이 영화를보고 그순간 저는 평생 모아 번 돈 13억을 클레멘타인 2 제작에 모두 투자하기로 했습니다. "
"673","강철비2: 정상회담","10","정우성 너무 잘생겼고 쿠키 영상 같은 것도 꼭 보고 나오세요 "
"674","다만 악에서 구하소서","2",""
"675","다만 악에서 구하소서","10","진짜 믿고보는 이정재 황정민 "
"676","강철비2: 정상회담","1","노잼영화ㅋㅋ보지마요 "
"677","다만 악에서 구하소서","10","두 배우의 액션씬이 넘나 리얼.. 박정민ㅋㅋ 개웃김ㅋㅋ "
"678","다만 악에서 구하소서","1","한마디로 평가하자면 진짜 노잼입니다;; "
"679","다만 악에서 구하소서","10","황정민의 불사신 같음이 좀 걸리긴 하지만 ㅋㅋ 잘만든 영화인듯... "
"680","다만 악에서 구하소서","8","그냥 황정민님이 멋있어서 두번째 보는중 ㅠㅠ "
"681","다만 악에서 구하소서","1","배우들 연기에 한번 싼다 근데 스토리도 똥을 쌌다 "
"682","다만 악에서 구하소서","10","군더더기 없는 영화에요 액션신들 너무 좋아요 "
"683","유 콜 잇 러브","9",""
"684","반도","8","이정도면 재밌다강동원존잘러영상미좋음 좀비영화 볼거리 집합해놓음 "
"685","다만 악에서 구하소서","10","영화 보는 내내 액션, 연기 다 기대보다 더 더 이상이었고 특히 박정민 배우님 나올 때마다 환호를 넘어 경악까지 할 정도로 연기 좋았음... 어릴 때부터 연기를 하고 살지는 않았던데 이게 무슨 일 "
"686","다만 악에서 구하소서","4","연기는 참 좋은데ㅜㅜㅜㅜ스토리의 빈약함.... "
"687","빅샤크: 매직체인지","4","어디서 할리우드건 베끼고팟으나 좀 덜 베껴진 중국판. (어딘지 본 듯하지만 허술한 스토리가 백미) "
"688","다만 악에서 구하소서","10",""
"689","데몰리션","10","1cm 다이빙이란 책에서 추천해서 봤는데 마지막 회전목마 장면에서 왜 이렇게 눈물이 나는지..좋은영화였다덮어둔 슬픔을 인정하는..그리고 아름답게 그녀를 보내는 "
"690","다만 악에서 구하소서","10","ㅜㅜ엉엉울었어요역시 믿고보는 황정민입니다반도보다  더 추천해요ㅜㅜ표값 네버안아까워요 "
"691","강철비2: 정상회담","1","아 잘잤습니다 말도안되는소리.. "
"692","레볼루셔너리 로드","9","연기밀도가 굉장히 높은 영화.. 결혼생활을 철저히 비관적으로 바라본다. 이는 마지막 노부부의 모습에서도 나온다. "
"693","강철비2: 정상회담","2","넘 지루하고 재미 없다계속 잠만 자다왔다영화보면서 잠잔건 첨이다지루연속 돈아깝다 "
"694","다만 악에서 구하소서","8","아..이정재 지드래곤 평점보고 보는데 진짜 지드래곤이네ㅋㅋ아쒸ㅋㅋ계속지드래곤생각났음ㅋㅋㅋ 이거 19세해야할듯죽이는게 잔인해ㅜㅜ "
"695","감바의 대모험","10","너무 재미있었어요!지금까지 많은 영화를 보았는데 이영화가 가장재미있었어요!감바,쇼지,추타,가쿠샤,만푸쿠,보보,요이쇼,이카사마와 추타의 가족이 힘을 합쳐 노로이와 족제비들을 이겨내는것이 너무 멋있고 용감해요!감바의 대모험2가 있다면 바로 보고싶어요! "
"696","다만 악에서 구하소서","8","올여름 개봉작 순위확정. 다만악에서>>반도>강철비2>>살아있다 "
"697","프리즈너","1","020년 복수혈전 ...느낌 "
"698","다만 악에서 구하소서","10","일단 영화보기전 리뷰보니 뭐 초반은 지루하고 뭐 액션신만 재밌었다 이러는데 그건 진짜 영알못임 영화 초반 그 긴장감과 스토리를 읽지 못한 사람들은 반성좀 해야됌 내가 이번에 본 영화중 반도 보다 무조건 재밌었으면  과장좀 해서 어벤져스 엔드게임이랑 퉁칠뻔했음 가장 큰 이유는 이런 코로나 사태로 재밌는 영화는 없고 pc 주의에 썩어 물들어진 엉화 볼때마다 진절머리가 났는데 이런 영화는 진짜 재미없을수가 없음 꼭보삼 "
"699","퍼펙트맨","8","허준호님 최고입니다 영웅본색이 진짜 최고입니다 "
"700","미녀 삼총사 3","3","영화가 왜 망했는지 10분만에 알겠다. 엘리자베스 뱅크스는 영화그만좀 찍어라 최악의 감독상 받는이유가 있다. "
"701","다만 악에서 구하소서","8","초반 몇몇 조연분들의 연기가 오버스러워 집중이 어려웠지만, 셋이 만나면서 부터는 본격적으로 재미를 느낄수 있었음.다소 생략이 많은듯 하여 개연성이 없어보이지만..촬영과 세 배우의 연기가 이 단점을 커버해버림. "
"702","다만 악에서 구하소서","2","너무나도 눈에 보이는 스토리 전개영화보는 내내 베테랑과 신과'함께를 보는듯한 연기.뭐라 말하기 힘드네요 "
"703","강철비2: 정상회담","8","재미있어요 "
"704","타이타닉","10","다좋고 재밌는데 뭐라는겨 "
"705","다만 악에서 구하소서","6","그냥... 신선한 기법은 있는데어정쩡~~ 스토리빈약 "
"706","다만 악에서 구하소서","10","아무래도 청불영화를 재편집한거라 잔인한 면이 없지않아 있었지만 이정재가 OO시함 "
"707","강철비2: 정상회담","2","약간의  코믹도 있고 다시한번 우리의 상황을 생각하게 하는 계기가 되지만  재미있다는 생각은 안드네요 "
"708","다만 악에서 구하소서","10","진짜진짜전 재밋게 봤어요이정재짱~ "
"709","다만 악에서 구하소서","2","스토리가 너무 아쉬움 처음만 2/5 까지만 흥미로운듯 했어요 그래도 비쥬얼은 짱짱 "
"710","다만 악에서 구하소서","6",".액션, 특히 타격감 좋다2.방콕판 아저씨 3.박정민 몸매가 가장 인상적 "
"711","다만 악에서 구하소서","10","이정재님 황정민님 갈수록 연기포텐 터져요!  액션연기 너무 좋았어요! 지루하지않고 재밌어요 "
"712","다만 악에서 구하소서","9","간만에 나온 영화중 아주 괜찮은 국내영화. 영화본 다음날 푸팟퐁커리 똠양꿀쌀국수 먹으면서 어젠 참 무서웟다 ㄷㄷ 할정도로 재밌고 긴박감 넘쳤음 ㅎㅎ "
"713","에어로너츠","8","어떻게 살아가느냐에 따라 세상이 달라질 것이다. "
"714","암수살인","10","계속 주지훈이랑 대화 > 사건수사 이 두개 굴레만 오가서 지루할 만 한데도 진짜 흡입력 오졌다 연기들이 너무 좋았음 "
"715","#살아있다","2","진짜 재미없었움 ㅋㅋ 좀비 영화가 이렇게 재미없을수가 잇나 싶엇어용 "
"716","강철비2: 정상회담","6","현재 한반도의 정세를 진지하면서도 코믹하게 잘 풀었다고 생각이 됩니다만, 단 한줄로 요약되는 주제를 너무 늘이려다 보니 줄거리도 지루하고 임팩트는 없었습니다. 미국과 북한의 중재역할을 해야하는 우리나라와 그 주변에 있는 주변국 일본, 중국 각국의 이해관계 등은 잘 나타났다고 보입니다. "
"717","다만 악에서 구하소서","10","반도, 강철비2, 다만악에서구하소서 다 본 사람으로서 이 영화가 제일 좋았어요. 배우님들 역시 실망을 안 시키네요. 근데 여기에 자기도 모르게 스포한 인간 있던데 아직 안 본 분들 배려 좀 해주세요..ㅋㅋ "
"718","다만 악에서 구하소서","10",""
"719","프리퀀시","10","믿고 보시기 바랍니다. 최고에요. "
"720","트루스 오어 데어","1","그냥 킬링타임용인데 뭐 쓸 게 있긴 하냐 "
"721","스틸 라이프","10","신경쓰지 않는 것을 하나하나 정성스럽게 다루던 그는, 다른이들이 그의 직업을 자신은 못할것이라며 고개를 젓던 그의 인생에는 다른이의 인생에 의미를 부여하고 그런 자신의 인생에도 그만의 의미를 잔잔히 띄어서 참 아름답다. 눈물이 나고 속상했지만 그는 의미있었다고 생각하지 않았을까? 잔잔하면서 강렬한 인생 "
"722","다만 악에서 구하소서","10","이정재오빠 등장씬부터 이미 스토리는 안중에도 없어졌고 정재오빠의 섹시미 감상에 황홀했음다 "
"723","다만 악에서 구하소서","1","점짜리는 아니지만 9점은 너무 높은 듯해.. 반영되어야 할 것 같아 1점.. 블루라이트 필터 세게 먹인 듯한 화면에, 공감 안되는 인물 감정선, 전개. "
"724","다만 악에서 구하소서","4","액션신의 실감나는 촬영기법은 지금까지 접해보지 못했어서 매우 신선했었습니다만, 줄거리 특히 레이와 인남의 악연이 너무 평면적이고 공감할 수 없어서 잘 몰입이 되지 않았습니다. 저 둘이 왜 저렇게 싸워야 하는지 잘 공감가지 않았고, 결말도 너무 예상되거나 허망한 결말이라서 좋은 영화라고 느껴지지는 않았습니다. "
"725","다만 악에서 구하소서","8","장점 - 연기력,액션신단점 - 스토리,캐릭터 배경 설명 부족캐릭터 배경 설명이 너무 부족해서 연기력이 아니었다면 감정이입 하나도 못하고 영화볼 뻔 했습니다.액션신 좋아하시면 보시고 스토리 기대하신다면 그건.. "
"726","다만 악에서 구하소서","8","아빠 초장부터 사쿠라여? "
"727","다만 악에서 구하소서","10",""
"728","트루스 오어 데어","7","공포영화는 아니다. 결말이 이상하게 끝.. 2편이 나온다고 해도 흥행은 못할듯. 생각못한 스토리나 전개는 나쁘지 않음. "
"729","엑시트","1",""
"730","강철비2: 정상회담","6","왜평점이 높은지 의아하네요ㅋㅋ "
"731","강철비2: 정상회담","6","왜평점이 높은지 의아하네요ㅋㅋ "
"732","다만 악에서 구하소서","10","아저씨가 위대하냐아빠가 위대하냐 "
"733","#살아있다","2","아무생각말고 보시면됨 "
"734","다만 악에서 구하소서","10","박정민 때문에 웃음꿀쟁 "
"735","위대한 쇼맨","8","영화도 좋고 연출도 좋고 볼만합니다 "
"736","다만 악에서 구하소서","7","신세계를 기대했다면 보지마세요.지루할 틈은 없었지만 재밌다고는 이야기하기 힘들다. 액션은 진짜 좋지만 스토리는 별로... "
"737","다만 악에서 구하소서","1","아....이걸 못피했네 "
"738","다만 악에서 구하소서","10","최근본 영화중 최고에요 화장실급해서 번개처럼갔다왔어요 놓치지안을꼬야ㅋ 박정민 귀요워욤 대사중 OO놈아 할때 눈빛으로 욕하는거 넘 사랑스럽구황정민님는 살인청부업자진짜같음이정재님은 관상가 양반 ㅋㅋ 이톤이에요  삼만오천원주고봤어요 아깝지않음요 "
"739","반도","10","대박...차량, 배우 액션 진짜 좋았음. 스토리도 좀비물임에도 굿..와...좀비 표현한 것도 코로나가 아쉬운 대박 영화임..연상호 감독이 진짜 대단하네~평점이 왜 낮은지 모르겠음...매드맥스급, 워킹데드급 좀비 "
"740","히트맨","8","다시보고싶은 영화 히트맨짱!!! "
"741","다만 악에서 구하소서","10","오늘보고왔어요 연기자들 뭐죠? 대사 그리 많지안은데도 연기 소름돋네요 유이도 감초 대박이에요 레이 임팩트 와~영화내용과 스토리 연기 등등이 광고에 드러나지못하는게 너무아쉽네요 "
"742","다만 악에서 구하소서","8","스토리 개연성 따지지 말고 보면 재미있음. 박정민 환상의 조연 연기 엄지 척30-40대 남성에 최적합 영화로 생각됨 "
"743","다만 악에서 구하소서","10","진짜,영화란게이거지 오랫만에 영화란걸 본거같네  후반기에가 조금아쉽긴하지만...ㅎㅎ만족만족 "
"744","다만 악에서 구하소서","6","올해 본것중에  그나마  괜찮음 "
"745","반도","4","강동원이 다 한 영화. 매드 멕스와 월드 워 z의 믹스. "
"746","반도","4","볼거리는 사실상 예고편이 전부임 부산행처럼 기차라는 한정된 공간에서의 긴장감은 없어지고 뻔하고 뻔한 양산형 좀비물이 됨 후반부 질질 끄는 신파도 별로였고 캐릭터도 부산행에 비해 매력이 없음 차라리 홍콩으로 가는 거대 배를 배경으로 했다면 더 재밌었을듯 "
"747","다만 악에서 구하소서","10","올해 본것중 제일 재미짐. 이정재 왜케 멋지냐냐ㅑㅑㅑ "
"748","디센트","10","이게 최근나왔다면 아마 40만은갔을듯. 아직도 10년이넘었음에도 이 영화 보고 소름돋는장면들 잊혀지지가않아 "
"749","반도","9","기대를 안하고봐서 생각보다 재미있었고 질질끄는거 없이 전개가 시원하게 흘러서 좋았음 "
"750","강철비2: 정상회담","2","정치선전 영화는 싫다. 문과 김은 그런 인물이 아니다. 그런데 왜 미화시키나? 앞으로 이런 정치색깔이 짖은 영화는 만들지 말았으면 좋겠다. "
"751","로마 위드 러브","10","난 너무 재밌게 보고 영상도 이쁘게 봤는데 코드 안맞으면 싫어할듯 이탈리아 여행다녀와서 보세요 "
"752","늑대아이","8","푸릇푸릇한 감성으로 녹여낸 조금 특별한 육아일기 "
"753","다만 악에서 구하소서","7","박정민?????????????????? "
"754","다만 악에서 구하소서","9","믿고 보는 이정재 황정민 케미!!! "
"755","다만 악에서 구하소서","10",""
"756","강철비2: 정상회담","6","편보다 재미 없습니다 "
"757","다만 악에서 구하소서","1","근 몇년간 최악의 영화다. 영화 자체도 별로일뿐더러 당분간 황정민 나오는 영화는 거른다. "
"758","다만 악에서 구하소서","3","정민이형이랑 정재형 많이 늙엇나봐 ;; 액션연기가 ;;;; ㅎㅌㅊ "
"759","강철비2: 정상회담","10","영화 끝나고 자막나오는.부분까지 꼭 보세요.  통일에 댸한 국제사회의 여러 이해관계를 엿보게 해주고 토일에 대해 생각하게 하는 영화네요. "
"760","천문: 하늘에 묻는다","7","세종의 ""도그 베이비"" 발언이 이 영화의 요지. "
"761","강철비2: 정상회담","4","소재 때문인지.. 생각보다 헛점?이 많았음... "
"762","다만 악에서 구하소서","10","오~~~처음부터 끝까지 몰입감 최고너무 충격적인 스토리인데..ㅜㅜ영화는 정말 재미있어요잘봤어요건대서봤는데  코로나때문인지 5명밖에 없더라고요ㅜㅜ배우들 너무 노력하셨는데 그게 좀 안타깝더라구요매우 재밌게 봤습니다배우조합도 최고였어요^^ "
"763","다만 악에서 구하소서","8","보는 내내 한국판 존윅+익스트랙션이라고 생각했음. 배우들의 연기는 정말 죽인다. 그런데 스토리 개연성이 너무 떨어져서 인과 관계가 없음. 죽은 아내가 남겼던 개를 죽인 조폭으루처단하고 존윅의 차를 훔친 조폭들을 처단하는 '존윅'+인도의 경쟁 조폭 두목 아들을 납치하여 그를 또 아들처럼 여기면서 목숨걸며 구해내는 살인청부업자의 내용을 다룬 '익스트랙션(넷플릭스)'으로 아쉬움을 달래길.. "
"764","반도","6","캐나다에도 개봉해서 봤습니다. 약간 광기있는 척이랄까...약간 민망 했어요 "
"765","트루스 오어 데어","8","결말이 찝찝해도 생각지 못한 전개여서 맘에 들었음공포로 보기엔 전혀..무섭지 않았지만 나름 참신한 스토리라 재미있게 봄 "
"766","다만 악에서 구하소서","9","황정민하고이정재연기너무좋았어요.. "
"767","강철비2: 정상회담","1","우성이는 믿고 거르는게 맞다. "
"768","다만 악에서 구하소서","6","차라리 19세관람가로해서 신세계처럼 만들었으면하는 아쉬움....배우가 아까웠던 영화 "
"769","다만 악에서 구하소서","8","솔직히 연출하느라고생했을듯 슬로우모션도좋았고 배우들연기는말할것없고 박정민이 극긴장감을잘풀어주는 감초역활톡톡히^^ "
"770","다만 악에서 구하소서","8","방금 보고 나오는 길인데 액션 짱!  이정재님 넘 멋져! 옷빨. 수트발. 눈빛  멋짐 폭팔임댜!!~ 똘끼악당연기 대박임!! ~눈빛이 아주!!~~~ 박정민님 연기변신 짱!!    황정민님 연기. 대사톤 어색!!  넘 오랜만에 연기해서 그른지... 전체적으로 스토리 약해도 시원한 액션 보고싶음 강추임댜!!~ "
"771","반도","6","부산행과 다른영화...그냥 아무생각없이 보면 볼만한... "
"772","다만 악에서 구하소서","10","믿고 보는 두 배우에 연기력에 촬영기법까지 더해져서 시간가는지 모르고 보는 영화!! 5번 더봐야지 "
"773","다만 악에서 구하소서","10","황정민 이정재 안 볼 이유가 없는 완벽한 조합이었다 "
"774","다만 악에서 구하소서","6","굳이 이 영화를 벌 필요가 있을까? "
"775","다만 악에서 구하소서","8","액션신맘에듭니다... "
"776","퍼펙트맨","3","조진웅은 분위기 있는 연기만 하면 좋겠다.웃기려고 하는 모습이 더 심각하게 느껴진다.조진웅, 설경구가 왜 이 시나리오를 선택했을까..라는 의문만 남는 영화.개연성이 많이 부족하다. "
"777","반도","2","터무니없는 억지내용 ㄴ잼 "
"778","다만 악에서 구하소서","1","시간처럼 지루하게 느껴진 영화 1시간 40분 짜리 영화라는걸 끝나고 알있다 배우들 믿고 스토리 대충 테이큰 맨온파이어 아저씨 그냥 다 짜집기 뻔한 인신매매 마약공장 아저씨는 다 베껴도  재미는 있는데 이건 뭐 "
"779","다만 악에서 구하소서","10",""
"780","다만 악에서 구하소서","6","그냥 그럼ㅇ미당 ㅋㅎ뭐 "
"781","반도","1","그냥재미없음 너무재미없어서 잤음 "
"782","다만 악에서 구하소서","9","생각보다도 강렬했음! "
"783","다만 악에서 구하소서","1","댓글 알바들이 너무 많네스토리 개연성이 너무 떨어짐 "
"784","다만 악에서 구하소서","10","그냥 미친 영화. 말이 필요없다. "
"785","반도","10","뻔한 스토리지만 모든 배우들이 다 연기를 잘해서 10점 드립니다,,, "
"786","반도","10",""
"787","밤쉘: 세상을 바꾼 폭탄선언","7","사람사는곳 전세계에서 일어나고있는 현실을 보여준 영화여성분들 함께 결심하여 폭탄선언하는 상황이좀더 고민하는 내용이 보여졌으면하지만 이영화의특성상 비교적 빠르게진행되어 지루한맛은 없지만 살짝 아쉽다. 사회고발성영화에 흥미가미된영화로 보인다. "
"788","다만 악에서 구하소서","10",""
"789","다만 악에서 구하소서","10","결국 악에서구하지못한 유민이...엄마죽고 강금에 피범벅된아빠 앞으로같이지내는건 치마입은남자트라우마로살아있는게지옥일듯 "
"790","내겐 너무 사랑스러운 그녀","10","한편의 아름다운 동화 "
"791","다만 악에서 구하소서","7","오랜만에 재밌는 한국액션영화, 이정재 진짜 너무 멋있어. 황정민은 그냥 연기보스, 박정민? 둘을 뛰어넘는 최고의 연기, 박정민이 제일 기억에 많이 남음! 꼭 보세요 19세로했다면 더 좋았을듯 "
"792","다만 악에서 구하소서","1","영화보고 한번 놀라고평점보고 두번 놀라고 "
"793","다만 악에서 구하소서","8","화려한 액션 + 뭔가 부족한 스토리 + 약간의 감동 "
"794","다만 악에서 구하소서","10","ㅠㅠ진짜 최애 영화! 또보러갈게요 "
"795","당갈","10","여자가 레슬링 성공을 이루는 영화 "
"796","다만 악에서 구하소서","10","액션 진짜 지렸다.. 타격감 개쩔 "
"797","늑대의 유혹","10","강동원 오빠 너무너무 멋져요 그 우산장면이 잘생겼어요 그래서 오빠를 팬으로써 좋아해요 "
"798","다만 악에서 구하소서","10","진짜 재밌습니다 태어나서 처음으로 평점 남겨보는데 연기 연출 스토리 대박입니다 꼭보세요! "
"799","다만 악에서 구하소서","7","연출과 연기 다 좋았는데 스토리가 너무 진부했음. 영상미는 쏘쏘 "
"800","엑시트","10",""
"801","파리의 인어","1","아니, How do you do? 그게 적나라하게 보이는데 어떻게 12세 관람가인가요? 동심을 위해 애들 데려갔다가 뜬금없는 파격 노출씬에 화들짝 놀라서 눈가림해줬네요. 혹시 설정상 종족이 인어라 해서 그걸 연기한 인간 몸뚱이까지 인어로 취급하며 동태눈으로 심의한건 아니겠죠? ;;; "
"802","반도","10","개인적으로 이런 영화 좋아하는 사람으로써 재밌게 봤어요!!감동적이면서 슬퍼가지고 눈물이 뚝뚝 떨어졌지만 ..ㅎㅎ "
"803","다만 악에서 구하소서","10","베댓에 지드래곤 같다고해서 영화 봤는데 진짜 저게  최고의 감상평이더라 "
"804","저스티스 리그","1","스나이더컷을 기대해본다.... "
"805","강철비2: 정상회담","1","절대로 이 영화를 해외로 유출시키지 말아주세요 ㅠㅠ 부끄럽습니다 "
"806","아가씨","10","역시나 박찬욱이란 생각이 들었다 "
"807","다만 악에서 구하소서","10",""
"808","다만 악에서 구하소서","10","와 미처따진짜 너뮤재밌어서 놀람 "
"809","다만 악에서 구하소서","10","강철비2 보고 이영화보니 역시 영화는 이런거지라고 느껴짐. 연기력 최고! 이래서 이정재이정재 황정민황정민 하는구나. 박정민도 최고 "
"810","딥워터","1","평점은 믿을 게 못됨. 8점대라 기대하고 봤는데 어이가 없음.평을 보니 대부분 암이라는 말이 있는데 보면 암.언니가 동생구하는 건 알겠는데 바위를 밑으로 떨어뜨린 범인 찾지도 않음. 그냥 물속에서 구하다 끝남. 큰 바위가 그냥 흘러 내려 왔을 란가? 지상으로 나왔을 때 잠깐 나온 빈집(죽인 개 주인집)...그 집이 뭔가 수상한거 같았는데... 뭔가 이상한 영화네. "
"811","반도","10","평점이 안좋아서 걱정했는데 재미있게 잘봤습니다 같이 보러간 엄마도 잘 보셨어요 "
"812","다만 악에서 구하소서","2","뻔한 스토리 개연성 부족 잔인하기만하고  진짜 재미없음 "
"813","다만 악에서 구하소서","8","부성애가 느껴지는 뻔한 내용의 스토리와 잔인무도한 칼부림이였지만  믿고 보는 연기력 탄탄한 배우가 살린 영화!깨알의 팁이라면 박정민의 활약에 박수를! "
"814","다만 악에서 구하소서","10","평소에 좋아하는 남자배우가 모두 나왔습니다.이정재,황정민,박정민,오대환,박명훈...(너무 잔안한 장면은 적당히 편집해주셔서 감사합니다~이정재님을 지켜주셨네요~♡)정말 군더더기없는 멋진 작품입니다. "
"815","#살아있다","6","나도 좀비가 나타나면 저렇게 집에 숨어있을 거 같아서 흥미로웠다.. 하지만  일부로  긴장감 줄려고 갑자기??이렇게 생각하게 만드는 억지장면이  너무 많았음  특히 헬기 너무 어이없었음 "
"816","다만 악에서 구하소서","9","끝날때 쯤엔 박정민언니만 기억이난다.. "
"817","프린세스 다이어리 2","10",""
"818","애니멀 크래커","8","월 7일 보고왔는데 7살 이상 아이가 보기에는 좀 시시한듯... 하지만 아이들이 보기엔 긋긋긋~! "
"819","다만 악에서 구하소서","10","뻔한 장르를 뻔하지 않게 만들었다황.정.민 이 세사람 조합은 역시 실망시키지않았다. 연기력도 물론이지만 액션씬은 완벽! "
"820","다만 악에서 구하소서","10","가슴이 찡하네요  연기도 너무 잘하시고요 "
"821","안시성","10","걍 레전드임 다시 보고싶어요 "
"822","브링 더 소울 : 더 무비","10",""
"823","반도","10","평점이 안좋길래 재미없나 했는데재밋어영 "
"824","다만 악에서 구하소서","2","화려한 배우진을 스토리가 따라가지 못하지 않았던게 다소 아쉬었습니다. "
"825","반도","10","난 너무 슬펐는데 ㅠㅠㅠㅠ "
"826","반도","2","뻔하디 뻔한 연출 영화 보는 내내 다음장면이 예상이 될 정도로 뻔했음 영화가 끝난뒤에는 왜 평점이 이런 영화인지 알겠더라 "
"827","내가 사랑했던 모든 남자들에게: P.S. 여전히 널 사랑해","10","사랑하는 사람에게 솔직해질 것. 후회없이. "
"828","반도","6","영화 내용의 설득력있는 개연성만 갖췄어도 충분히 재밌고 감동적인 좋은 영화가 되었을것같은데 아쉽습니다. "
"829","강변호텔","2","그냥 나는 배우김민희가 어서 정신차리고 돌아왔으면 좋겠다.. 제발 이 찌질한 홍상수감독 영화좀 그만 찍으면 안되나 ... "
"830","반도","1","영화 안 봤는데 박평식 5점에 강동원 나온거 보고 점수 매깁니다.인랑보고 강동워는 그냥 믿고 거르는 걸로~ "
"831","강철비2: 정상회담","10","역사적분단국가에서 벌어지는스릴 넘치는 액션 바다속에서 일어나는 잠수함 전쟁굿 "
"832","다만 악에서 구하소서","9","황정민하고 이정재만 있어도 10점이다!나이 제한 올리고 좀 더 자극적이었다면.. "
"833","미스터 주: 사라진 VIP","1","유치하고 재미없어요 졸리네요 "
"834","다만 악에서 구하소서","9",""
"835","강철비2: 정상회담","1","시간 보다 나왔어요. 저 말고도 중간에 나가는사람 많더라구요. 저는 정치적 성향이 진보인데 굳이 이렇게 반미 반일 친북 이야기를 대놓고 재미없게, 개연성 없게 풀어낼 필요가 있었을까 싶어 아쉽더라구요. 1편은 오락성이라도 있었는데 이번껀 진짜ㅜㅜ시간아깝고 돈아까운영화 "
"836","튼튼이의 모험","10","진짜 어의없게 개웃김 ㅋㅋㅋㅋ "
"837","다만 악에서 구하소서","10","범인은 황정민 입니다. "
"838","다만 악에서 구하소서","3","왜 재밌다고 하는지 모르겠음.배우들 연기력은 좋다만 개연성은 1도 없음.영화 내내 지루하고 반도도 재미없게 봤는데 내 기준 반도보다 재미없었음. "
"839","이케아 옷장에서 시작된 특별난 여행","10","진짜 세계여행이다! 색감도 연출도 좋다.거기다 훈훈한 결말까지. "
"840","#살아있다","2","올해 최악의 영화~개연성 1도없음~좀비는 유아인집만 못들어가니~집에만 있으면 사는데 산사람이 너무없음~사람 봐가면서 무는 좀비~황당하다 "
"841","다만 악에서 구하소서","10","무삭제판이나 청소년관람불가 등급으로 개봉해주면좋을듯. 잔인한 장면 나오기 전 장면전환으로 살짝긴장감과 텐션이 조금 떨어짐ㅜ "
"842","강철비2: 정상회담","10",""
"843","다만 악에서 구하소서","8","순간 몰입도는 최고!!! 스토리에대한 아쉬움은 조금 있네요 ㅠ 전반적으로 돈아깝지않은 영화입니다!!! "
"844","다만 악에서 구하소서","6","이거 15세맞음 이렇게 폭력적인데 칼이 몸에 들어갔다 나왔다 하는데 엑션만 볼만함 "
"845","강철비2: 정상회담","2","북한빨아대는 빨갱이들만 재미나게 봐라~~ 돈버렸다 "
"846","다만 악에서 구하소서","6","결론적으로 영화보기전에 광고로 나오던 산타페 차광고가 더 감동적이었음. 편집이 불친절. 과도하고 의미없는 액션씬을 줄이고 스토리를 보강했어야함 . 두 주연배우의 연기나 톤은 기존작품들과 다르지않아 신선하지 않습니다. 조금 실망.박정민은 연기변신 좋았음. 문득 레옹과 마틸다를 보는듯. 마틸다가 레옹의 딸을... "
"847","강철비2: 정상회담","9","잼나게 잘 봤어요 잠수함 전투신은 긴장감이 ~~^^ "
"848","다만 악에서 구하소서","2","반도,강철비2는 이겼다 근데 가까스로 이겼다. P2P사이트에서 100원으로 다운받고 봐도 아깝다고 느껴질꺼같다. 이 명품 배우들 가지고 뭐하는짓인가.. "
"849","다만 악에서 구하소서","10","이정재 진짜 간지났어요 ㄷㄷ "
"850","광주비디오: 사라진 4시간","1","박근혜때 7시간으로 재미보더니.리바이벌이야? "
"851","다만 악에서 구하소서","10","긴장감 넘치는 영화였습니다! "
"852","강철비2: 정상회담","1","좌파영화 소비하지 않습니다 "
"853","미드소마","6","미드소나 에바잖아.. "
"854","다만 악에서 구하소서","6","강철비2  보다는 나음그러나 너무 기대는 하지마삼~ "
"855","반도","2","솔직히 좀비영화가 아니라 그냥 자동차액션 + 걍 인간학대? 그런요소가 정말 많음.. "
"856","다만 악에서 구하소서","10","진짜 미쳤다고밖에 설명을 못하겠다이정재 캬 "
"857","다만 악에서 구하소서","10",""
"858","다만 악에서 구하소서","4","스토리보다 액션이란거 보고 갔으니 스토리는 패스. 영화내내 거슬리는 음악땜에 힘들었다. "
"859","강철비2: 정상회담","2","전형적인 국뽕영화~비추 "
"860","다만 악에서 구하소서","2","스토리 단순하고 흔함.연기는 좋으나전체적으로 돈주고 보기엔 매우 아쉬움~ "
"861","강철비2: 정상회담","1","이건 뭐라고 해야되냐? 정은이 미화영화? 돈 아까움. "
"862","다만 악에서 구하소서","1","잠 와 죽는줄 알았다.재미도 없고 감동도 없고.... "
"863","강철비2: 정상회담","10","믿고보는 배우들이 많이나와서 재밌었습니다. 강철비1을 보지않으신분들도 재밌게 보실수있는 영화입니다! "
"864","강철비2: 정상회담","10",""
"865","다만 악에서 구하소서","8","액션과 스타일 긴장감이 작품성이라면 굉장히 높은 점수를 주고싶습니다. 극의 전개도 빠르고 어설픈 신파도 없어서 좋았습니다. 특히나 이정재의 연기는 보는내내 긴장감과  집중을 놓치않게 해주어 인상깊었고 박정민의 연기와 캐릭턴 영화의 강약조절에 탁월했다고 생각합니다 "
"866","찬실이는 복도 많지","10","그냥 짠했다 이영화 실제의 다큐같은 공감 100% "
"867","다만 악에서 구하소서","10","모든게 최고인 영화 !! "
"868","맨 프럼 어스","10",""
"869","강철비2: 정상회담","8","진짜 부함장님이 젤 멋짐 ^^ "
"870","강철비2: 정상회담","10","두근두근 긴장감 최고였어요 "
"871","다만 악에서 구하소서","5","무시무시한 남자가 세명 나온다. 황정민, 이정재 그리고 박정민(유이).... ㅡㅡ; "
"872","다만 악에서 구하소서","10","배우들이 전부 연기도 잘하고 굿 "
"873","다만 악에서 구하소서","10",""
"874","다만 악에서 구하소서","9","액션영화 특성상 스토리 개연성은 조금 부족하나확실히 영화관에서 볼만한 영화였습니다 "
"875","다만 악에서 구하소서","10",""
"876","다만 악에서 구하소서","10",""
"877","다만 악에서 구하소서","8","이정재 황정민 보러갔다가 박정민에게 빠지고 온 영화! 개인적으로 강철비보다는 좋았다고 생각. 연기는 진짜 구멍이 없는데 스토리는 특색있다기보단 흔한 스토리인듯. 그래도 나름 잘 보고왔어요. "
"878","#살아있다","1","만든사람의 노고를 폄하할수는 없지만 영화로써의 평가는 만들지 말았어야 할정도로 어느 포인트에서도 감동도 즐거움도 없는 영화입니다 적어도 제가볼땐 킬링타임으로 보다가도 그시간이 아까워지는 영화입니다.이 영화를 볼 바에는 신비아파트를 보겠습니다. "
"879","다만 악에서 구하소서","10","연기와 액션에 집중된 영환데 자꾸 스토리 스토리 개연성 이런 얘기좀 하지마라 스토리가 꽉찬 영화 보고싶으면 드라마 장르를 보시던지. "
"880","강철비","7","군더더기가 많지 않아 불편함이 없었다. "
"881","다만 악에서 구하소서","9","영화 아저씨와 너무나 똑같은 스토리 "
"882","강철비2: 정상회담","10","와우 잠수함 액션 멋져용 "
"883","다만 악에서 구하소서","1","또 속았다. 알바분들 오늘도 고생 많으십니다~ "
"884","다만 악에서 구하소서","10","배우들고생하셨어요 최고의연기 "
"885","다만 악에서 구하소서","1","어찌 네이버 영화 평점은 알바아니면 지적수준이 낮은건가... "
"886","다만 악에서 구하소서","9","액션씬이 생각보다 없다는 아쉬움이있다 "
"887","다만 악에서 구하소서","10","이정재 배우님 카리스마에 한번치이고황정민 배우님 이정재 배우님 액션에 두번 치였습니다액션적으로는 매우 재밌었어요 "
"888","강철비2: 정상회담","1","정권 프로파간다 영화현실은? 연락사무소 폭파 댐 무단방류이런데도 백만불 원조하겠다며 염병중 "
"889","다만 악에서 구하소서","10","이정재 짱짱짱황정민 짱짱 "
"890","범죄의 재구성","10","타짜시리즈 제로버전, 타짜0 "
"891","다만 악에서 구하소서","10","너무 잼나요...n차 관람 하고싶을정도로... "
"892","다만 악에서 구하소서","9","생각보다 재밌어서 간만에 만족스럽게 영화관에서 본 것 같아요! 특히 액션연출하고 레이라는 캐렉터가 맘에 들어요 ㅋㅋㅋ "
"893","다만 악에서 구하소서","6","알바 너무 많네.. 별루임...ㄹㅇ "
"894","타짜","10","수십번 봤지만, 채널 돌리다가 나오면 보게 되는 영화. "
"895","강철비2: 정상회담","10","빠른 전개가 긴장감을 높였고 국제정세에 관해 관심을 가질 수 있도록 도움을 주는 영화. "
"896","다만 악에서 구하소서","9","모든게 좋긴했는데  마지막에 황정민 오빠만 죽어라 찔리는게 아숩..(이정재씨 응원합니다) "
"897","다만 악에서 구하소서","8","스토리 다 필요없다 이게 영화다 "
"898","동주","10",""
"899","다만 악에서 구하소서","6","기대하고봤는데 별로였음 "
"900","반도","6","재미있게 보고왓습니다~ 스토리 연출 연기, 다 패스하구 영상미 좋습니다! 한국형 좀비의 특성을 보고 왓다랄까... "
"901","다만 악에서 구하소서","8","테이큰+아저씨 느낌 나서 남자 입장에선 재미나게 봤습니다!특히 이정재 너무 강렬하게 나와서 눈길을 끄넹?ㄷ "
"902","반도","10","솔직히 여기 사람들 리뷰 보고 재미없는 것 같아서 안볼까하다가 그래도 좀비영화 재밌게 보는 편이라 봤는데, 난 너무 재미있게 봤다. 스토리, 연기, 연출 등 너무 재밌게 봤는데 재밌는데!? 다들 눈이 얼마나 높은거야!ㅋㅋㅋ "
"903","강철비2: 정상회담","1","왜 봐..?...?...? "
"904","#살아있다","1","#살아남아야한다 #살a남아야..한..    #삐이이이---- "
"905","언어의 정원","9","비 오는 날에 계속 생각나는 영화에요 "
"906","다만 악에서 구하소서","8","진짜 감독이 감각있는듯.. 이정재 연기에 압도되었음 "
"907","강철비2: 정상회담","6","배우 연기와 영상미만 보고왓습니다. 스토리와 현실상이 너무 대조되는 부분이 많고, 억지감동, 어슬픈상황극, 우리나라의 상황을 너무 미화한 부분이 크다 느껴지네요!! 좋은점 빵빵 터지는 영상미, 나쁜점 어설픈 상황과 반대되는 스토리 "
"908","강철비2: 정상회담","9","처음부분에는 약간 지루했는데그 이후부터는 심장이 쫄깃쫄깃하고 재미있음.약간 웃긴부분도있고. "
"909","다만 악에서 구하소서","5","다만 15세에서 구하소서 "
"910","다만 악에서 구하소서","10","완전 너무너무 재밋고 박정민님이 영화를 더 살려주셨고 황정민님 진짜 너무 멋있습니다. ㅠㅠ "
"911","강철비2: 정상회담","8","나름 재밌게봤어요~ 허술한면도 많긴한데 뭐 영화니까..하고 넘겨봤네요..ㅎㅎㅎ "
"912","다만 악에서 구하소서","10","액션 구도가 좋아서 타격감이 잘 느껴지고, 전개도 군더더기없이 흘러서 재밌었음ㅋㅋ 이정재 개간지라 한번 더 보러 갈까 싶음.. 황정민 캐릭터가 지루할 수 있는데 박정민이 붙으니 지루할새가 없었음브금도 잘 깔아서 긴장감이 잘 유지됐었음다만 청불용으로 촬영한거 같은데 영화 경기가 안좋아서 그런지 좀 잔인할 수 있는 씬들이 어색하게 편집되서 아쉬웠음 "
"913","다만 악에서 구하소서","8","재미엿어오  주인공이 죽어서 아쉽지만간만에 액션영화  잘봤습니다 "
"914","다만 악에서 구하소서","6","태국이 주는 신선함과 배경음악이 주는 긴박함,주연 배우들이 주는 익숙함빼면 볼게없는 영화개연성이 일도없음 "
"915","다만 악에서 구하소서","10","시원한 액션신에 영상미. 그리고 배우들의 카리스마 연기에 매우 만족한 영화입니다. 강추드립니다. "
"916","미이라 3: 황제의 무덤","1","여주 뭐임..왜 엄마만 갑자기 폭삭 늙음 "
"917","찌라시 : 위험한 소문","1","생각나서 와봤는데 알바 쩌네,;;; 툭하면 손가락 꺾고 또 뭐하면 손가락꺾고 손가락만 꺾는걸 역겨운 소리로 수도없이 듣다가 나오게됩니다. 내용? 기억안나요. 손가락만 꺾어대서 저게 내용 전부라고 봐도 좋을듯. 뒤로갈수록 흥미진진이아니라 뒤로갈수록 손가락만 꺾는다. 완성도 타령하는 애들은 인생영화에 리얼밖에 없냐? "
"918","다만 악에서 구하소서","2","개연성없는스토리에 좋은배우들 데려다놓고 이정도라니..기대이하작품평점높은이유를 모르겠네요 "
"919","다만 악에서 구하소서","1","별 5개 다 알바임 "
"920","강철비2: 정상회담","10","브금웅장한거맘에들었음유튭에올려주세요맨날듣게 "
"921","출국","8","우익영화는 ㄹㅇ 안뜨네 "
"922","다만 악에서 구하소서","7","솔직히 얘기하면 진짜 스토리 짜임세는 너무 약하네요 만약 스토리만 좀 더 좋았으면 진짜 재미있는 영화인데 너무 아쉽습니다 그래도 배우 연기하고 액션씬은 진짜 볼만했습니다 "
"923","다만 악에서 구하소서","5","알바들아 오버하지말자...박정민 고생했다... "
"924","다만 악에서 구하소서","6","스토리 꽝 뭐그낭그래요 "
"925","다만 악에서 구하소서","8","홍원찬감독님 전 작품이 오피스라 기대안하고 봤는데 시나리오만 앞으로 잘 만나면 훌륭하게 연출할 수 있는 역량을 보여주셨다 다음 작품은 중국 실화범죄 유덕화를 폭행한 조폭두목 유용을 각색한 영화 만들어주세요 "
"926","다만 악에서 구하소서","2","좋아하는  황정민배우님, 박정민배우님  최서희배우님, 이정재배우님이 나와서 바로 봤어요..연기는 정말 좋았어요!근데.. 하..  그냥 썰고 죽이고..총알 그리맞고 수륙탄도 맞는데 살아있고..  개연성은 저멀리..  갑자기 왜?  왜저러는거지?  이생각만 들기시작하더니 꾸역꾸역 봤는데도  하..  실망에 실망.. 끝나고나서  주변사람들 표정과 제표정이 같았어요. "
"927","다만 악에서 구하소서","7","아저씨같은 대작이 될 수 있었으나 캐릭터성과 개연성이 너무 부족했다 "
"928","강철비2: 정상회담","1","이게 정말 평점 8.13이 맞는 건가?  똑바로 정확히 조사한거 맞냐?  발로 만들어도 이것보단 더 잘만들겠다 뭘 말하려는건지 몰겠고 진짜 하품만 하다 나왔다 진짜 이딴식으로 만들지마라 "
"929","언더워터","2","재미없져...겨우봣져.. "
"930","콰이어트 플레이스","8","한글자막이 필요없는 영화 "
"931","다만 악에서 구하소서","10",""
"932","풀 스피드","10","아빠는 아이언맨 닮았고 엄마는 약간 페퍼느낌나는데 그걸 떠나서 진짜 너무 웃김ㅋㅋ 1시간 훅갔음 "
"933","다만 악에서 구하소서","5","리암니슨할배는 딸 구하고 3편까지 찍었는데 꼭 죽여야 속이 후련 했냐? 이정재 자뻑에 둘 다 디짐... 한국영화는 언제쯤 이런 진부한 감성에서 벗어 날까? "
"934","다만 악에서 구하소서","10","개존잼이다...이정재 인생연기.. "
"935","울지마 톤즈 2 : 슈크란 바바","10",""
"936","강철비2: 정상회담","10",""
"937","로켓맨","6","음악영화인줄 알았는데 퀴어영화에 더 가까움. 엘튼존이 멋있긴 하지만 보헤미안 랩소디랑 비교되는건 어쩔수 없는 숙명 "
"938","악마를 보았다","10","두마리 악마를 보았다 누가 진짜 악마인가 "
"939","다만 악에서 구하소서","10","아 정말 재미나게 봤습니다. 진짜 이정재님은 왜이렇게 매력있으신지...남자지만. 정말 동경하게되네요.관상이후로 매력터지는 악역 인 것 같습니다. 영화도 굿 액션은 너무나 굿굿 한국 액션영화 발전 많이했다고 느껴집니다! "
"940","피아니스트","7","사랑은 원하지만 그녀가 원하는 사랑은 이게 아니다. 악보에 적힌 강약은 분명하고, 그녀가 악보처럼 적은 편지의 마조히즘적 지시도 상세하고 분명하지만, 정작 콘트롤되지 않는 리비도의 펄떡거림은 어쩌지 못한다. 슈베르트 연주를 즐기는 정형적 아가페 사회에서 그녀는 칼로 자신을 베어 육욕을 흘려보내고 일탈한다. 맘대로 짙눌리며 사랑받기를 원했지만, 자신의 악보 안에서 이루어지기를 원했던 연약한 여성의 사랑을 보라. 개인을 비틀어 사회에 생채기를 내는 미카엘 하네케 화법의 정수. 영화를 통해 이자벨 위페르의 연기는 단순히 깐느 여우주연상을 딴 것뿐만 아니라 수많은 여배우들의 선망과 찬사를 받았다고...글쎄, 나는 모르겠다만. 감정을 깊이 노출하지 않아 관객은 그 빈칸에서 더 많은 걸 읽어낼 수 있다는 점에서 다른 '자상한' 배우들에 비해 유리한 연기의 결을 가진 배우긴 하다. "
"941","다만 악에서 구하소서","8","연기다들 잘하는데 아이이야기가 너무 중심이되서 주인공들끼리 갈등구조가 좀 약한것같네요 "
"942","다만 악에서 구하소서","6","그냥 보통 이정재님 액션은 별로 안 어울리네요 "
"943","강철비2: 정상회담","9","어제 봤습니다하도 평점테러가 많길래 기대안하고 봤는데생각보다 많이 재밌었습니다.특히 마지막 잠수함 전투씬은 심장졸이며 봤어요..정우성 엉성한 코믹연기는 좀 불편했는데전체적으로 잘만든 영화입니다.정치적인 의도가 있던 없던 그딴건 모르겠고그런요소 빼고 본다면 핵잼입니다.영화는 그냥 영화로 봅시다 "
"944","지푸라기라도 잡고 싶은 짐승들","8","지금 시즌에서 무료~ 왜 망했는지 모르겠네요. 좀 잔인하지만 재밌게 봤어요. "
"945","강철비2: 정상회담","1","저기요ㅡㅡ 좋아하는 사람이랑 두번째 데이트였는데 영화보다가 승질 나와서 들킬뻔햇자나요ㅡㅡ  진짜 싫다.. 스토리,연출,모든게 억지 스럽고 제일 최악인게 쥐어짜내는 웃음 코드 이런 영화 볼때마다 생각하는게배우들 시사회에서 영화 보면서 얼마나 짜증날까 싶음. "
"946","다만 악에서 구하소서","6","액션씬이 보고싶다는 분들만 보세요!!스토리 구성이며, 결말은 쏘쏘예요 "
"947","주식회사 스페셜액터스","8","최근에 관람한 영화중에  유일하게  엔딩크레딧까지  앉아 있었습니다 아주 재미있고  생각하게 만든 영화였어요 "
"948","다만 악에서 구하소서","10","역시 믿고보는... "
"949","강철비2: 정상회담","1","스케일 큰 엄복동을 보는 느낌...현실성이야 영화니까 그러려니 참고 봤음. .반일 국뽕 MSG만 왕창 뿌려논 느낌...억지 감동 애국심 쥐어짜내고 뻔히 예상되는 극적인 전개...최악... "
"950","강철비2: 정상회담","8","걱정하며 봤는데  재밋던데요    ..   안봤음 후회할뻔 "
"951","강철비2: 정상회담","8","걱정하며 봤는데  재밋던데요    ..   안봤음 후회할뻔 "
"952","다만 악에서 구하소서","10"," 볼만합니다 혼자 보기 딱 좋은 영화 "
"953","다만 악에서 구하소서","10","박정민 도랐다ㅋㅋㅋ  그 캐릭터 일거라곤 생각 믓했다ㅋㅋ 올해 나온 한국 영화중에서 가장 볼만 했음 "
"954","판의 미로 - 오필리아와 세 개의 열쇠","10","그냥 말이 필요 없는 최고의 영화 "
"955","다만 악에서 구하소서","9","할리우드가 봐도 지리는 배우들의 연기와 촬영 "
"956","다만 악에서 구하소서","9","황정민 연기가 영~~  그렇네요.다른역활을 맡아도 맨날같은사람으로 느껴지는 기분.   이정재가 돋보이는 영화~~그리고 칼휘두를때 나오는 억지스런 효과음 완젼별로!마지막 총격씬은 멋진데,,,   수류탄 두번이나 터트리는것도 좀...현실성없네요.한방에 다 돌아가셔야지 "
"957","검은 사제들","7",""
"958","다만 악에서 구하소서","7","아저씨, 레옹, 테이큰, 노인을 위한 나라는 없다, 존윅의 콜라보 "
"959","다만 악에서 구하소서","6","액션과 연기 너무 좋은데 스토리가 ㅠㅠㅠ 보고 나서 음,,,배우가 아깝다는 생각이 들어욤 "
"960","다만 악에서 구하소서","10",""
"961","다만 악에서 구하소서","10",""
"962","다만 악에서 구하소서","10","미친 꿀잼 최근 2년 본 것 중에 최고 "
"963","다만 악에서 구하소서","10","연기와 미장센에는 10점도 부족하다 스토리는 조금 아쉬웠지만 "
"964","다만 악에서 구하소서","9","반도 강철비2 보고 눈 버렸다가 다악구 덕에 눈호강함. "
"965","다만 악에서 구하소서","4","이게 평점이 9점이 넘는다니... "
"966","다만 악에서 구하소서","10","와 진짜 재밌었어요ㅠㅠ 박정민씨 연기 대박... 황정민씨랑 이정재씨의 연기느 말이 필요없죠 ,,그쵸?꼭 보세요!!! 정말 재밌습니다!! "
"967","다만 악에서 구하소서","10","와우~~~그냥 보세요.말이 필요없는. 와우! "
"968","#살아있다","2","OOO기영화입니다 별한개도 아까워요 개쓰렉연기도못함 "
"969","다만 악에서 구하소서","9","항상이지만 요즘 영화가 너무 사람을  많이죽여서 그렇지만 긴장감 높은 스토리 연출 좋았음 "
"970","강철비2: 정상회담","10","어뢰 지나갈 때 심장터질 뻔 "
"971","다만 악에서 구하소서","1","그냥 내용은 거의 없고 액션씬도 별로임배우들 연기야 믿고 본다지만 애초에 대사도 별로없고 찾고 쫓고 죽이고만 반복하는영화 "
"972","다만 악에서 구하소서","8","한줄평 : 한국판 테이큰     연기력은 갑 "
"973","다만 악에서 구하소서","10","액션은 우리나라 영호ㅏ상 손에꼽을정도로 멋집니다. "
"974","다만 악에서 구하소서","10","엄청 잔인하지만 눈을 뗄 수 없다 "
"975","다만 악에서 구하소서","8","감독이 내가 좋아하는 영화들 시나리오 작가출신인데 투자자간섭땜에 첫작품의 시나리오는 너무 간략히 만든것같아 아쉽다. 그러나 다음에 더 멋진 시나리오 작품 부탁해요 "
"976","반도","9","전반적으로 잼있게 잘 봤습니다. 한국영화가 많이 발전했네요. 중간중간 코믹한 요소도 있지만 액션이나 연출은 아주 좋네요. 킬링타임 영화로 지루하지 않고 볼만합니다. "
"977","다만 악에서 구하소서","10","이정재&황정민의 콜라보는 언제나 옳은듯합니다, 액션씬에 비해 스토리가 부족한건 사실...! "
"978","다만 악에서 구하소서","10","후기에 별로라는거 보고 안볼려고했다가 봤는데 후기 무엇? 안봤을면 어쩔뻔? 영상미...액션 풀었다 쥐었다 장난아니다. 이정재 그 나이에 패션 지리고 지드래곤같네. 완전 재밌게 보고 나옴. "
"979","강철비2: 정상회담","9","영화 끝나고도 오랫동안 생각하게 만드는 영화재미는 1보다 떨어짐반도, 강철비2, 다만 악에서 구하소서 다 봤는데개인 취향이겠지만 여운이 남는 건 강철비2 "
"980","강철비2: 정상회담","1","미쳤나 싶었음... 핵 노잼 "
"981","다만 악에서 구하소서","10","대박영화 연기가...너무 대단하다 "
"982","다만 악에서 구하소서","10","두 정민의 연기력...간만에 볼만한 영화였음 "
"983","다만 악에서 구하소서","6","이럴 필요까진 없지않았나...^^;충분히 좋을수 있었는데 산만하고 과했다는 느낌이.. "
"984","강철비2: 정상회담","10","왜구놈들이 댓글알바질 하는듯잼있으니 봐요~~ "
"985","반도","10","저는 재밌게봤어요~~ ㅋㅋㅋ "
"986","몬스터","10","원하는 대로 흐르지 않기 때문에 인생이 재밌는 거라고 하는 것은, 완벽하진 않아도 어느정도 자신이 받아들일 수 있는 삶을 사는 사람들이나 하는 말이지 "
"987","다만 악에서 구하소서","8","개인적으로 지금까지 이정재가 나온 영화 중 제일 간지나고 카리스마 장난아님. 박정민도 파격적인 변신 너무 잘어울린다. "
"988","강철비2: 정상회담","2","냄새가 너무 나네요.속보이는 영화 "
"989","다만 악에서 구하소서","10","올해 최고의영화짱짱. "
"990","다만 악에서 구하소서","10","배우연기 어쩔황정민도 이정재도 너무종아요 "
"991","다만 악에서 구하소서","6","액션이나 연기는 멋졌으나 다소 지루한 부분과 스토리가 빈약하였음 "
"992","다만 악에서 구하소서","10",""
"993","단지 세상의 끝","8","왜 이토록 화를 낼까 "
"994","다만 악에서 구하소서","6","기억에 남는건 수류탄뿐 "
"995","다만 악에서 구하소서","4","웃겨요연기는 정말 잘하십니다 "
"996","다만 악에서 구하소서","6","이정재는 서사가 너무 빈약해서 (걍 아이스아메리카노 중독 패셔니스타 싸이코패스임) 투톱 주인공 영화이기엔 부족하지 않나 싶습니다. 그리고 액션씬도 고어하긴 한데 동선이 좋진 않아서 아쉬웠습니다. 연기는 아역까지 다 잘했고요. "
"997","다만 악에서 구하소서","10","뻔한스토리지만 잼나게 봤음 ^ "
"998","날 미치게 하는 남자","10","제목부터가 웃김 ㅋㅋㅋㅋ "
"999","다만 악에서 구하소서","10","상혀니랑 재밌게봄 박정민짱 "
"1000","다만 악에서 구하소서","10","아저씨의 하드보일드와 레옹의 감성을 입혔다. "
